date,SW_large,SW_middle,SW_small
2007-01-04,1,738.79,1,253.76,1,068.02
2007-01-05,1,736.50,1,279.78,1,092.77
2007-01-08,1,787.08,1,336.73,1,129.46
2007-01-09,1,846.69,1,369.01,1,147.82
2007-01-10,1,894.11,1,405.33,1,170.54
2007-01-11,1,868.79,1,415.65,1,176.23
2007-01-12,1,811.91,1,373.43,1,150.96
2007-01-15,1,905.19,1,439.51,1,202.81
2007-01-16,1,954.08,1,492.52,1,234.64
2007-01-17,1,911.41,1,482.22,1,230.46
2007-01-18,1,904.99,1,514.73,1,265.88
2007-01-19,1,966.25,1,568.92,1,298.75
2007-01-22,2,045.04,1,629.94,1,351.16
2007-01-23,2,077.88,1,626.86,1,346.94
2007-01-24,2,102.47,1,649.69,1,351.42
2007-01-25,2,031.86,1,584.29,1,292.47
2007-01-26,2,085.01,1,599.12,1,293.26
2007-01-29,2,142.43,1,653.09,1,331.60
2007-01-30,2,116.39,1,648.64,1,335.76
2007-01-31,1,975.62,1,575.63,1,289.29
2007-02-01,1,979.38,1,590.64,1,299.07
2007-02-02,1,898.69,1,561.14,1,285.68
2007-02-05,1,874.63,1,573.93,1,296.75
2007-02-06,1,917.92,1,594.30,1,318.03
2007-02-07,1,964.73,1,629.48,1,334.79
2007-02-08,1,997.56,1,663.11,1,352.71
2007-02-09,1,984.34,1,674.36,1,356.07
2007-02-12,2,058.03,1,719.52,1,392.70
2007-02-13,2,088.84,1,755.80,1,415.04
2007-02-14,2,148.17,1,800.28,1,433.89
2007-02-15,2,215.60,1,851.37,1,468.73
2007-02-16,2,219.43,1,876.26,1,483.50
2007-02-26,2,254.88,1,928.06,1,529.35
2007-02-27,2,047.14,1,756.65,1,406.63
2007-02-28,2,130.69,1,821.42,1,459.57
2007-03-01,2,076.83,1,778.63,1,431.94
2007-03-02,2,103.64,1,811.90,1,459.51
2007-03-05,2,070.83,1,817.90,1,463.31
2007-03-06,2,107.99,1,820.51,1,472.40
2007-03-07,2,162.03,1,870.30,1,502.31
2007-03-08,2,193.12,1,910.31,1,528.55
2007-03-09,2,184.31,1,908.69,1,531.97
2007-03-12,2,193.66,1,940.99,1,561.49
2007-03-13,2,216.28,1,958.06,1,575.03
2007-03-14,2,183.05,1,937.04,1,573.57
2007-03-15,2,224.25,1,985.14,1,607.03
2007-03-16,2,184.14,1,960.52,1,597.93
2007-03-19,2,239.32,1,987.63,1,617.15
2007-03-20,2,255.59,2,018.79,1,648.73
2007-03-21,2,285.54,2,046.00,1,673.91
2007-03-22,2,299.12,2,052.73,1,681.00
2007-03-23,2,307.16,2,064.53,1,692.77
2007-03-26,2,355.01,2,109.72,1,724.68
2007-03-27,2,374.93,2,145.02,1,740.79
2007-03-28,2,387.64,2,123.41,1,726.97
2007-03-29,2,370.74,2,057.91,1,671.95
2007-03-30,2,370.75,2,077.22,1,687.87
2007-04-02,2,433.32,2,121.73,1,723.57
2007-04-03,2,462.49,2,153.24,1,741.78
2007-04-04,2,480.57,2,173.37,1,763.46
2007-04-05,2,512.86,2,212.35,1,784.43
2007-04-06,2,526.12,2,254.46,1,806.68
2007-04-09,2,575.43,2,290.71,1,836.13
2007-04-10,2,616.84,2,293.89,1,850.79
2007-04-11,2,653.64,2,318.30,1,875.38
2007-04-12,2,694.90,2,366.19,1,921.00
2007-04-13,2,677.68,2,352.30,1,923.11
2007-04-16,2,753.94,2,419.48,1,974.66
2007-04-17,2,786.29,2,468.30,2,017.16
2007-04-18,2,810.83,2,518.36,2,050.11
2007-04-19,2,682.67,2,381.01,1,956.10
2007-04-20,2,800.48,2,504.32,2,040.38
2007-04-23,2,932.76,2,608.35,2,100.07
2007-04-24,2,952.16,2,620.26,2,105.77
2007-04-25,2,963.80,2,607.15,2,103.16
2007-04-26,3,000.39,2,640.71,2,119.65
2007-04-27,2,980.75,2,639.15,2,104.61
2007-04-30,3,030.74,2,683.47,2,122.89
2007-05-08,3,148.99,2,798.41,2,194.27
2007-05-09,3,183.80,2,794.26,2,180.08
2007-05-10,3,213.95,2,808.01,2,183.02
2007-05-11,3,196.55,2,802.66,2,178.21
2007-05-14,3,219.57,2,820.62,2,189.88
2007-05-15,3,097.70,2,743.39,2,141.78
2007-05-16,3,174.77,2,827.44,2,190.11
2007-05-17,3,239.00,2,899.22,2,244.30
2007-05-18,3,234.91,2,916.49,2,257.64
2007-05-21,3,281.09,2,998.81,2,296.26
2007-05-22,3,325.83,3,036.49,2,343.21
2007-05-23,3,390.26,3,116.82,2,393.30
2007-05-24,3,383.63,3,092.64,2,376.61
2007-05-25,3,430.49,3,139.93,2,418.08
2007-05-28,3,495.75,3,201.07,2,471.16
2007-05-29,3,571.57,3,271.38,2,502.76
2007-05-30,3,334.72,3,018.53,2,316.30
2007-05-31,3,349.39,2,930.26,2,241.12
2007-06-01,3,215.62,2,753.64,2,122.58
2007-06-04,2,968.41,2,523.46,1,963.38
2007-06-05,3,064.84,2,556.14,1,966.86
2007-06-06,3,096.44,2,604.83,1,993.17
2007-06-07,3,203.39,2,725.88,2,087.23
2007-06-08,3,223.36,2,772.06,2,121.62
2007-06-11,3,286.74,2,837.16,2,177.00
2007-06-12,3,365.20,2,914.63,2,236.14
2007-06-13,3,453.80,3,013.63,2,305.60
2007-06-14,3,404.95,2,967.92,2,290.39
2007-06-15,3,414.82,2,993.39,2,301.40
2007-06-18,3,519.78,3,083.05,2,389.01
2007-06-19,3,555.54,3,130.05,2,411.81
2007-06-20,3,471.58,3,069.61,2,350.80
2007-06-21,3,507.98,3,068.46,2,335.13
2007-06-22,3,372.23,2,932.14,2,231.70
2007-06-25,3,212.94,2,762.82,2,105.50
2007-06-26,3,262.14,2,787.79,2,133.98
2007-06-27,3,352.89,2,868.58,2,183.49
2007-06-28,3,204.25,2,703.05,2,059.12
2007-06-29,3,115.77,2,602.42,1,974.04
2007-07-02,3,117.10,2,620.43,1,992.06
2007-07-03,3,169.39,2,670.61,2,018.93
2007-07-04,3,094.82,2,612.03,1,974.13
2007-07-05,2,929.26,2,450.98,1,874.59
2007-07-06,3,073.06,2,589.73,1,956.92
2007-07-09,3,165.07,2,664.61,2,007.53
2007-07-10,3,136.80,2,584.07,1,971.69
2007-07-11,3,146.62,2,613.75,1,983.62
2007-07-12,3,173.24,2,621.83,1,995.61
2007-07-13,3,171.26,2,616.93,2,001.54
2007-07-16,3,063.07,2,539.66,1,963.62
2007-07-17,3,142.49,2,585.43,1,995.25
2007-07-18,3,161.60,2,583.76,1,995.45
2007-07-19,3,159.30,2,608.22,2,019.45
2007-07-20,3,302.41,2,694.16,2,077.70
2007-07-23,3,458.04,2,825.04,2,159.93
2007-07-24,3,464.58,2,826.64,2,159.55
2007-07-25,3,546.78,2,895.64,2,209.09
2007-07-26,3,588.77,2,948.51,2,241.87
2007-07-27,3,587.88,2,997.23,2,282.92
2007-07-30,3,667.89,3,059.37,2,331.51
2007-07-31,3,703.48,3,105.39,2,364.46
2007-08-01,3,560.28,2,951.93,2,279.64
2007-08-02,3,677.66,3,058.55,2,371.93
2007-08-03,3,812.97,3,104.24,2,409.18
2007-08-06,3,900.47,3,164.74,2,430.19
2007-08-07,3,901.22,3,168.30,2,437.99
2007-08-08,3,862.51,3,128.04,2,399.59
2007-08-09,3,961.32,3,152.96,2,408.93
2007-08-10,3,922.72,3,091.10,2,347.45
2007-08-13,3,939.84,3,060.27,2,313.32
2007-08-14,3,998.42,3,145.27,2,373.64
2007-08-15,4,002.76,3,147.07,2,376.61
2007-08-16,3,931.41,3,155.74,2,387.61
2007-08-17,3,846.08,3,115.55,2,379.94
2007-08-20,4,069.35,3,235.26,2,453.46
2007-08-21,4,133.92,3,282.46,2,473.99
2007-08-22,4,192.43,3,352.84,2,481.07
2007-08-23,4,256.93,3,395.41,2,490.39
2007-08-24,4,325.76,3,411.01,2,494.48
2007-08-27,4,333.75,3,426.90,2,472.51
2007-08-28,4,328.24,3,446.46,2,461.28
2007-08-29,4,271.90,3,405.62,2,449.72
2007-08-30,4,336.64,3,510.67,2,510.13
2007-08-31,4,384.19,3,535.48,2,531.05
2007-09-03,4,480.49,3,624.58,2,562.61
2007-09-04,4,443.07,3,621.53,2,547.20
2007-09-05,4,443.94,3,648.68,2,562.55
2007-09-06,4,491.83,3,679.20,2,588.80
2007-09-07,4,394.30,3,580.26,2,541.97
2007-09-10,4,467.84,3,666.16,2,565.95
2007-09-11,4,248.82,3,464.57,2,431.61
2007-09-12,4,302.49,3,516.90,2,443.51
2007-09-13,4,417.41,3,564.96,2,475.11
2007-09-14,4,458.62,3,603.90,2,506.93
2007-09-17,4,545.43,3,665.89,2,545.65
2007-09-18,4,528.25,3,690.59,2,547.97
2007-09-19,4,475.79,3,640.61,2,505.90
2007-09-20,4,530.69,3,670.51,2,520.46
2007-09-21,4,496.86,3,634.78,2,486.50
2007-09-24,4,530.65,3,652.64,2,490.54
2007-09-25,4,484.91,3,619.09,2,478.45
2007-09-26,4,405.98,3,569.74,2,470.37
2007-09-27,4,448.87,3,599.21,2,496.91
2007-09-28,4,573.75,3,676.41,2,547.48
2007-10-08,4,645.71,3,660.99,2,542.55
2007-10-09,4,664.19,3,674.31,2,558.68
2007-10-10,4,668.17,3,648.24,2,544.82
2007-10-11,4,731.32,3,593.05,2,513.90
2007-10-12,4,703.17,3,532.82,2,462.16
2007-10-15,4,779.51,3,539.01,2,489.30
2007-10-16,4,830.14,3,566.36,2,519.07
2007-10-17,4,783.40,3,573.30,2,541.05
2007-10-18,4,621.18,3,477.68,2,504.67
2007-10-19,4,609.96,3,463.14,2,487.16
2007-10-22,4,492.55,3,371.95,2,441.01
2007-10-23,4,557.65,3,365.81,2,434.32
2007-10-24,4,584.86,3,312.32,2,399.87
2007-10-25,4,377.44,3,097.98,2,234.94
2007-10-26,4,433.00,3,071.87,2,206.40
2007-10-29,4,531.19,3,120.49,2,217.16
2007-10-30,4,594.26,3,186.30,2,254.85
2007-10-31,4,677.98,3,295.41,2,343.51
2007-11-01,4,608.82,3,220.31,2,287.66
2007-11-02,4,513.12,3,141.57,2,238.63
2007-11-05,4,427.14,3,175.44,2,264.09
2007-11-06,4,403.50,3,184.83,2,277.41
2007-11-07,4,425.40,3,174.43,2,259.45
2007-11-08,4,212.04,3,047.45,2,188.05
2007-11-09,4,175.71,2,998.96,2,159.36
2007-11-12,4,144.60,2,924.51,2,120.85
2007-11-13,4,114.16,2,921.07,2,134.67
2007-11-14,4,279.47,3,035.71,2,201.55
2007-11-15,4,225.23,3,006.43,2,177.26
2007-11-16,4,165.88,3,007.58,2,169.76
2007-11-19,4,161.36,3,066.24,2,217.12
2007-11-20,4,223.14,3,114.55,2,258.45
2007-11-21,4,153.64,3,080.66,2,249.58
2007-11-22,3,970.84,2,944.19,2,163.54
2007-11-23,4,044.36,2,991.39,2,195.78
2007-11-26,3,995.43,2,968.41,2,190.07
2007-11-27,3,921.87,2,928.58,2,169.06
2007-11-28,3,870.53,2,908.49,2,154.78
2007-11-29,4,040.95,2,980.95,2,207.41
2007-11-30,3,958.64,2,933.62,2,190.91
2007-12-03,4,002.15,2,958.32,2,213.43
2007-12-04,4,053.28,2,976.98,2,223.54
2007-12-05,4,164.57,3,038.48,2,251.98
2007-12-06,4,166.40,3,046.81,2,266.86
2007-12-07,4,226.55,3,098.92,2,298.86
2007-12-10,4,292.31,3,187.36,2,370.72
2007-12-11,4,287.38,3,226.93,2,391.78
2007-12-12,4,232.35,3,232.44,2,419.20
2007-12-13,4,081.61,3,145.77,2,370.19
2007-12-14,4,159.88,3,211.30,2,398.01
2007-12-17,4,054.81,3,219.16,2,415.69
2007-12-18,4,034.98,3,190.67,2,377.43
2007-12-19,4,135.27,3,255.57,2,425.26
2007-12-20,4,205.29,3,304.68,2,462.88
2007-12-21,4,256.47,3,361.60,2,496.30
2007-12-24,4,342.35,3,418.88,2,543.52
2007-12-25,4,348.19,3,451.03,2,568.02
2007-12-26,4,380.24,3,518.02,2,623.05
2007-12-27,4,459.04,3,562.13,2,656.06
2007-12-28,4,434.69,3,548.52,2,658.36
2008-01-02,4,467.41,3,662.85,2,744.07
2008-01-03,4,493.44,3,745.60,2,782.31
2008-01-04,4,538.13,3,759.61,2,782.78
2008-01-07,4,596.56,3,821.87,2,789.21
2008-01-08,4,574.20,3,730.66,2,740.78
2008-01-09,4,636.79,3,821.23,2,808.15
2008-01-10,4,679.80,3,848.66,2,816.61
2008-01-11,4,719.56,3,826.34,2,821.98
2008-01-14,4,742.86,3,873.72,2,866.36
2008-01-15,4,709.53,3,902.41,2,911.91
2008-01-16,4,544.78,3,852.78,2,898.07
2008-01-17,4,434.93,3,763.38,2,860.13
2008-01-18,4,478.10,3,781.01,2,880.02
2008-01-21,4,244.50,3,632.63,2,771.97
2008-01-22,3,914.31,3,334.24,2,558.13
2008-01-23,4,091.51,3,495.49,2,663.96
2008-01-24,4,122.09,3,609.04,2,738.86
2008-01-25,4,173.18,3,620.47,2,717.10
2008-01-28,3,868.62,3,397.83,2,530.56
2008-01-29,3,896.87,3,448.43,2,554.75
2008-01-30,3,852.62,3,458.16,2,581.58
2008-01-31,3,786.49,3,338.79,2,504.17
2008-02-01,3,754.25,3,198.90,2,396.88
2008-02-04,4,073.12,3,443.40,2,572.05
2008-02-05,4,054.26,3,449.51,2,579.09
2008-02-13,3,963.97,3,433.85,2,557.69
2008-02-14,4,019.58,3,494.23,2,597.15
2008-02-15,3,960.72,3,480.08,2,595.08
2008-02-18,4,041.85,3,567.88,2,678.60
2008-02-19,4,131.43,3,642.05,2,724.91
2008-02-20,4,026.62,3,618.29,2,697.19
2008-02-21,3,981.93,3,641.79,2,716.59
2008-02-22,3,826.20,3,553.24,2,646.97
2008-02-25,3,686.84,3,431.90,2,544.46
2008-02-26,3,715.70,3,406.82,2,547.24
2008-02-27,3,818.41,3,485.16,2,593.74
2008-02-28,3,793.02,3,508.92,2,597.61
2008-02-29,3,833.74,3,563.34,2,639.12
2008-03-03,3,909.69,3,684.00,2,715.95
2008-03-04,3,794.14,3,660.75,2,687.44
2008-03-05,3,762.94,3,667.81,2,684.32
2008-03-06,3,828.34,3,682.62,2,694.71
2008-03-07,3,767.09,3,624.18,2,656.75
2008-03-10,3,608.77,3,514.16,2,587.21
2008-03-11,3,612.08,3,547.52,2,605.80
2008-03-12,3,494.95,3,466.34,2,543.46
2008-03-13,3,410.05,3,328.46,2,452.57
2008-03-14,3,375.72,3,295.21,2,449.59
2008-03-17,3,232.51,3,056.19,2,288.99
2008-03-18,3,086.25,2,840.14,2,127.59
2008-03-19,3,189.41,2,945.74,2,200.72
2008-03-20,3,281.13,3,050.59,2,276.54
2008-03-21,3,301.03,3,083.53,2,298.52
2008-03-24,3,141.19,3,015.43,2,262.70
2008-03-25,3,182.70,3,038.22,2,280.59
2008-03-26,3,193.85,3,033.29,2,286.56
2008-03-27,3,059.16,2,893.37,2,190.26
2008-03-28,3,216.86,2,977.78,2,240.31
2008-03-31,3,126.47,2,847.67,2,159.66
2008-04-01,2,977.35,2,620.62,1,989.90
2008-04-02,2,987.62,2,486.09,1,878.32
2008-04-03,3,076.15,2,544.63,1,914.51
2008-04-07,3,227.76,2,711.34,2,027.80
2008-04-08,3,249.88,2,765.05,2,069.73
2008-04-09,3,073.37,2,621.09,1,982.32
2008-04-10,3,125.20,2,689.17,2,022.55
2008-04-11,3,151.05,2,714.65,2,056.43
2008-04-14,2,939.11,2,536.18,1,938.51
2008-04-15,2,976.56,2,604.06,1,994.04
2008-04-16,2,898.17,2,538.80,1,951.86
2008-04-17,2,820.41,2,445.52,1,883.81
2008-04-18,2,723.69,2,329.75,1,796.59
2008-04-21,2,736.59,2,297.97,1,772.93
2008-04-22,2,779.91,2,268.36,1,738.24
2008-04-23,2,916.29,2,365.89,1,809.18
2008-04-24,3,194.57,2,568.44,1,959.75
2008-04-25,3,210.72,2,585.16,1,981.73
2008-04-28,3,146.36,2,568.70,1,965.23
2008-04-29,3,182.17,2,600.49,1,978.68
2008-04-30,3,342.83,2,697.48,2,045.64
2008-05-05,3,400.36,2,787.82,2,133.88
2008-05-06,3,357.22,2,789.68,2,136.84
2008-05-07,3,190.28,2,666.35,2,065.38
2008-05-08,3,257.36,2,755.51,2,121.07
2008-05-09,3,206.77,2,768.41,2,126.88
2008-05-12,3,224.70,2,840.24,2,174.04
2008-05-13,3,175.00,2,850.37,2,169.83
2008-05-14,3,277.31,2,905.65,2,212.07
2008-05-15,3,254.89,2,888.18,2,191.02
2008-05-16,3,245.10,2,864.27,2,159.37
2008-05-19,3,211.37,2,869.29,2,165.62
2008-05-20,3,049.11,2,714.80,2,041.81
2008-05-21,3,107.80,2,770.05,2,081.41
2008-05-22,3,043.82,2,731.11,2,052.25
2008-05-23,3,033.54,2,692.00,2,033.75
2008-05-26,2,938.16,2,619.10,1,969.41
2008-05-27,2,952.00,2,636.30,1,989.08
2008-05-28,3,041.53,2,699.05,2,036.07
2008-05-29,2,960.43,2,633.73,1,992.10
2008-05-30,2,999.81,2,640.42,2,002.53
2008-06-02,3,019.40,2,663.98,2,022.80
2008-06-03,3,003.80,2,650.21,2,014.43
2008-06-04,2,951.54,2,596.54,1,983.48
2008-06-05,2,934.98,2,571.32,1,991.19
2008-06-06,2,915.99,2,557.17,1,988.32
2008-06-10,2,664.47,2,343.30,1,828.89
2008-06-11,2,609.32,2,282.46,1,781.58
2008-06-12,2,561.19,2,251.77,1,760.54
2008-06-13,2,483.54,2,155.11,1,693.85
2008-06-16,2,481.86,2,111.68,1,675.14
2008-06-17,2,398.67,1,996.24,1,637.96
2008-06-18,2,521.50,2,097.65,1,714.62
2008-06-19,2,335.30,1,934.94,1,577.93
2008-06-20,2,410.19,1,973.60,1,592.40
2008-06-23,2,359.42,1,941.24,1,538.33
2008-06-24,2,408.65,1,999.23,1,572.32
2008-06-25,2,500.21,2,099.58,1,651.33
2008-06-26,2,502.09,2,133.25,1,686.39
2008-06-27,2,364.33,1,994.17,1,573.20
2008-06-30,2,343.59,1,996.78,1,584.63
2008-07-01,2,260.93,1,953.58,1,565.54
2008-07-02,2,258.76,1,988.27,1,586.24
2008-07-03,2,302.40,2,073.58,1,647.86
2008-07-04,2,293.47,2,066.64,1,643.81
2008-07-07,2,418.63,2,160.45,1,716.30
2008-07-08,2,427.13,2,203.43,1,742.72
2008-07-09,2,527.65,2,254.97,1,785.89
2008-07-10,2,492.91,2,217.11,1,753.99
2008-07-11,2,473.66,2,208.21,1,735.20
2008-07-14,2,490.77,2,250.31,1,772.53
2008-07-15,2,381.89,2,203.45,1,729.06
2008-07-16,2,298.42,2,095.13,1,647.67
2008-07-17,2,281.75,2,074.11,1,635.15
2008-07-18,2,375.16,2,129.06,1,677.33
2008-07-21,2,451.64,2,218.44,1,736.58
2008-07-22,2,444.03,2,228.46,1,745.80
2008-07-23,2,434.61,2,204.88,1,732.48
2008-07-24,2,518.59,2,249.53,1,770.91
2008-07-25,2,486.10,2,234.87,1,771.14
2008-07-28,2,506.21,2,259.60,1,795.05
2008-07-29,2,451.43,2,231.80,1,765.20
2008-07-30,2,436.84,2,212.94,1,768.79
2008-07-31,2,369.52,2,130.20,1,713.48
2008-08-01,2,408.86,2,148.61,1,731.48
2008-08-04,2,353.72,2,099.09,1,701.14
2008-08-05,2,305.79,2,032.52,1,661.19
2008-08-06,2,327.53,2,017.38,1,663.48
2008-08-07,2,328.38,2,018.80,1,670.80
2008-08-08,2,218.53,1,890.17,1,566.08
2008-08-11,2,111.11,1,749.34,1,451.94
2008-08-12,2,098.18,1,729.78,1,421.45
2008-08-13,2,091.92,1,725.88,1,423.32
2008-08-14,2,088.34,1,736.81,1,421.71
2008-08-15,2,094.47,1,732.96,1,431.75
2008-08-18,1,982.34,1,620.03,1,344.08
2008-08-19,2,016.47,1,636.26,1,358.75
2008-08-20,2,175.94,1,760.40,1,458.78
2008-08-21,2,094.47,1,697.61,1,408.43
2008-08-22,2,059.35,1,661.03,1,382.92
2008-08-25,2,062.74,1,652.72,1,378.74
2008-08-26,2,008.48,1,559.21,1,314.55
2008-08-27,2,006.29,1,549.08,1,303.85
2008-08-28,2,017.20,1,548.93,1,297.57
2008-08-29,2,063.47,1,589.77,1,332.23
2008-09-01,1,994.98,1,539.96,1,297.91
2008-09-02,1,979.04,1,546.32,1,295.46
2008-09-03,1,953.39,1,530.38,1,275.69
2008-09-04,1,954.34,1,541.29,1,288.11
2008-09-05,1,896.36,1,473.20,1,236.97
2008-09-08,1,847.69,1,403.26,1,176.93
2008-09-09,1,861.20,1,406.59,1,179.43
2008-09-10,1,867.72,1,414.77,1,189.90
2008-09-11,1,805.29,1,384.14,1,164.64
2008-09-12,1,810.56,1,387.92,1,161.02
2008-09-16,1,740.31,1,366.74,1,135.62
2008-09-17,1,667.61,1,345.85,1,115.57
2008-09-18,1,632.18,1,315.81,1,084.70
2008-09-19,1,787.97,1,437.86,1,185.55
2008-09-22,1,910.22,1,502.64,1,224.31
2008-09-23,1,835.19,1,420.11,1,145.50
2008-09-24,1,847.61,1,439.20,1,157.44
2008-09-25,1,923.13,1,475.40,1,185.64
2008-09-26,1,937.10,1,478.12,1,180.13
2008-10-06,1,838.88,1,414.55,1,132.64
2008-10-07,1,822.88,1,410.80,1,122.68
2008-10-08,1,750.37,1,383.16,1,102.13
2008-10-09,1,729.63,1,363.36,1,094.96
2008-10-10,1,655.57,1,274.83,1,025.69
2008-10-13,1,734.89,1,296.52,1,037.07
2008-10-14,1,688.28,1,264.71,1,019.08
2008-10-15,1,674.12,1,251.63,1,013.25
2008-10-16,1,594.99,1,180.10,957.72
2008-10-17,1,607.74,1,189.99,965.71
2008-10-20,1,664.80,1,228.65,994.99
2008-10-21,1,646.18,1,233.43,998.60
2008-10-22,1,601.32,1,207.77,980.97
2008-10-23,1,594.59,1,217.78,991.08
2008-10-24,1,543.49,1,201.07,984.60
2008-10-27,1,428.65,1,119.39,922.52
2008-10-28,1,475.20,1,142.77,940.92
2008-10-29,1,433.15,1,097.26,922.82
2008-10-30,1,472.56,1,104.76,932.09
2008-10-31,1,442.58,1,083.24,922.88
2008-11-03,1,436.49,1,077.12,915.68
2008-11-04,1,418.63,1,060.06,906.39
2008-11-05,1,475.90,1,095.95,933.70
2008-11-06,1,439.77,1,075.87,920.36
2008-11-07,1,469.80,1,087.24,933.74
2008-11-10,1,583.82,1,164.75,993.83
2008-11-11,1,563.92,1,159.91,982.85
2008-11-12,1,582.45,1,187.08,1,004.23
2008-11-13,1,645.30,1,244.60,1,046.71
2008-11-14,1,698.97,1,305.09,1,088.66
2008-11-17,1,735.67,1,362.82,1,135.45
2008-11-18,1,605.35,1,266.02,1,055.52
2008-11-19,1,707.11,1,352.34,1,122.73
2008-11-20,1,687.21,1,354.12,1,125.85
2008-11-21,1,680.97,1,336.96,1,109.55
2008-11-24,1,606.15,1,284.88,1,068.86
2008-11-25,1,603.86,1,274.38,1,067.42
2008-11-26,1,617.02,1,279.15,1,072.92
2008-11-27,1,641.13,1,292.24,1,084.27
2008-11-28,1,604.74,1,268.26,1,075.98
2008-12-01,1,630.52,1,321.45,1,132.15
2008-12-02,1,629.27,1,345.26,1,159.01
2008-12-03,1,699.19,1,407.95,1,208.63
2008-12-04,1,728.52,1,411.32,1,204.26
2008-12-05,1,751.56,1,450.96,1,241.20
2008-12-08,1,820.82,1,516.20,1,291.52
2008-12-09,1,769.90,1,480.53,1,262.86
2008-12-10,1,819.02,1,520.88,1,304.58
2008-12-11,1,772.43,1,482.58,1,264.89
2008-12-12,1,699.02,1,415.48,1,202.56
2008-12-15,1,712.46,1,437.42,1,222.39
2008-12-16,1,725.91,1,462.45,1,253.36
2008-12-17,1,728.60,1,482.30,1,274.22
2008-12-18,1,766.68,1,510.06,1,304.07
2008-12-19,1,771.59,1,524.64,1,328.09
2008-12-22,1,737.15,1,523.17,1,368.03
2008-12-23,1,653.44,1,432.92,1,276.60
2008-12-24,1,625.18,1,397.98,1,253.12
2008-12-25,1,611.14,1,392.72,1,257.07
2008-12-26,1,608.10,1,384.25,1,266.50
2008-12-29,1,604.70,1,382.79,1,252.87
2008-12-30,1,586.97,1,372.11,1,266.03
2008-12-31,1,578.37,1,352.76,1,257.89
2009-01-05,1,639.22,1,409.27,1,307.24
2009-01-06,1,690.54,1,460.46,1,333.74
2009-01-07,1,680.06,1,470.31,1,339.17
2009-01-08,1,640.78,1,440.72,1,326.25
2009-01-09,1,666.01,1,479.21,1,379.49
2009-01-12,1,665.98,1,501.36,1,390.13
2009-01-13,1,631.80,1,458.17,1,330.97
2009-01-14,1,700.81,1,511.20,1,386.48
2009-01-15,1,700.58,1,525.07,1,389.71
2009-01-16,1,733.67,1,530.35,1,384.14
2009-01-19,1,757.32,1,532.70,1,380.06
2009-01-20,1,770.59,1,551.31,1,397.63
2009-01-21,1,764.59,1,556.13,1,386.68
2009-01-22,1,779.51,1,580.68,1,403.42
2009-01-23,1,773.26,1,568.44,1,396.56
2009-02-02,1,792.67,1,609.88,1,432.81
2009-02-03,1,835.50,1,654.95,1,463.85
2009-02-04,1,887.27,1,690.30,1,481.97
2009-02-05,1,875.45,1,666.12,1,463.27
2009-02-06,1,949.37,1,735.77,1,517.68
2009-02-09,1,991.58,1,794.22,1,563.03
2009-02-10,2,011.80,1,845.12,1,600.72
2009-02-11,2,021.18,1,840.57,1,592.64
2009-02-12,2,010.12,1,871.79,1,609.71
2009-02-13,2,083.50,1,933.68,1,655.26
2009-02-16,2,144.92,1,966.46,1,679.59
2009-02-17,2,069.53,1,896.84,1,621.76
2009-02-18,1,970.70,1,825.10,1,559.20
2009-02-19,1,990.71,1,859.21,1,599.82
2009-02-20,2,026.48,1,920.42,1,653.51
2009-02-23,2,080.92,1,985.78,1,701.76
2009-02-24,1,979.96,1,904.11,1,632.37
2009-02-25,1,983.32,1,923.30,1,658.10
2009-02-26,1,891.88,1,793.37,1,543.36
2009-02-27,1,855.72,1,686.76,1,448.68
2009-03-02,1,873.46,1,726.39,1,475.10
2009-03-03,1,852.55,1,741.56,1,490.06
2009-03-04,1,975.04,1,845.70,1,576.25
2009-03-05,1,995.31,1,851.04,1,587.13
2009-03-06,1,982.97,1,839.76,1,572.35
2009-03-09,1,911.25,1,773.16,1,520.42
2009-03-10,1,944.29,1,810.97,1,558.62
2009-03-11,1,925.50,1,797.93,1,556.44
2009-03-12,1,921.13,1,803.06,1,558.15
2009-03-13,1,912.51,1,781.48,1,558.05
2009-03-16,1,944.23,1,802.08,1,581.65
2009-03-17,2,011.84,1,866.55,1,629.94
2009-03-18,2,017.73,1,886.28,1,642.64
2009-03-19,2,055.58,1,927.66,1,671.04
2009-03-20,2,045.01,1,926.17,1,657.36
2009-03-23,2,095.43,1,963.59,1,685.66
2009-03-24,2,108.71,1,971.17,1,702.15
2009-03-25,2,063.29,1,919.89,1,669.98
2009-03-26,2,131.20,1,960.42,1,704.85
2009-03-27,2,148.81,1,976.73,1,714.35
2009-03-30,2,138.45,1,984.91,1,737.82
2009-03-31,2,158.33,2,000.03,1,757.51
2009-04-01,2,186.85,2,034.82,1,785.61
2009-04-02,2,210.36,2,038.12,1,804.45
2009-04-03,2,209.53,2,012.94,1,822.98
2009-04-07,2,210.96,2,028.49,1,862.37
2009-04-08,2,120.41,1,964.17,1,793.12
2009-04-09,2,154.36,1,991.45,1,841.25
2009-04-10,2,214.79,2,052.14,1,899.98
2009-04-13,2,262.27,2,077.03,1,951.41
2009-04-14,2,283.20,2,104.60,2,021.59
2009-04-15,2,288.41,2,135.11,2,049.06
2009-04-16,2,289.64,2,153.34,2,035.20
2009-04-17,2,264.33,2,132.24,1,981.28
2009-04-20,2,317.21,2,186.36,2,021.32
2009-04-21,2,293.59,2,189.56,1,997.46
2009-04-22,2,214.11,2,087.81,1,910.32
2009-04-23,2,225.03,2,102.87,1,926.16
2009-04-24,2,206.97,2,085.32,1,912.62
2009-04-27,2,156.09,2,010.22,1,843.44
2009-04-28,2,158.56,2,047.43,1,859.22
2009-04-29,2,236.51,2,089.38,1,891.41
2009-04-30,2,248.51,2,114.07,1,911.93
2009-05-04,2,320.74,2,178.77,1,971.06
2009-05-05,2,330.85,2,201.03,1,991.32
2009-05-06,2,362.74,2,228.11,2,023.81
2009-05-07,2,362.34,2,203.55,2,014.67
2009-05-08,2,390.61,2,205.49,1,998.23
2009-05-11,2,344.91,2,140.82,1,922.27
2009-05-12,2,399.65,2,180.30,1,968.02
2009-05-13,2,417.13,2,200.88,1,989.88
2009-05-14,2,395.03,2,211.04,1,994.46
2009-05-15,2,396.55,2,227.35,2,010.91
2009-05-18,2,401.49,2,245.76,2,019.38
2009-05-19,2,421.95,2,275.04,2,032.55
2009-05-20,2,392.17,2,254.99,2,020.71
2009-05-21,2,338.37,2,212.37,1,985.55
2009-05-22,2,334.71,2,212.78,1,986.03
2009-05-25,2,341.95,2,213.17,1,988.70
2009-05-26,2,321.69,2,216.19,2,013.77
2009-05-27,2,357.16,2,223.02,2,009.89
2009-06-01,2,439.16,2,255.87,2,038.40
2009-06-02,2,443.67,2,275.67,2,046.39
2009-06-03,2,507.22,2,294.39,2,067.79
2009-06-04,2,527.64,2,297.41,2,056.18
2009-06-05,2,507.70,2,295.24,2,051.76
2009-06-08,2,517.76,2,289.46,2,045.60
2009-06-09,2,535.16,2,301.98,2,051.87
2009-06-10,2,559.22,2,329.41,2,067.77
2009-06-11,2,538.95,2,317.97,2,060.29
2009-06-12,2,492.78,2,276.61,2,016.45
2009-06-15,2,550.61,2,318.05,2,042.78
2009-06-16,2,546.95,2,314.98,2,044.66
2009-06-17,2,587.12,2,348.61,2,061.56
2009-06-18,2,625.32,2,367.51,2,076.28
2009-06-19,2,651.96,2,375.55,2,076.73
2009-06-22,2,659.87,2,351.81,2,071.61
2009-06-23,2,662.61,2,346.66,2,071.24
2009-06-24,2,688.28,2,375.84,2,090.84
2009-06-25,2,686.57,2,366.41,2,103.63
2009-06-26,2,691.91,2,382.78,2,107.70
2009-06-29,2,731.41,2,387.48,2,111.05
2009-06-30,2,716.89,2,385.77,2,099.28
2009-07-01,2,781.28,2,410.68,2,108.22
2009-07-02,2,818.36,2,439.67,2,131.77
2009-07-03,2,855.88,2,464.81,2,139.49
2009-07-06,2,906.90,2,464.70,2,142.79
2009-07-07,2,877.66,2,467.86,2,168.48
2009-07-08,2,870.86,2,502.84,2,200.55
2009-07-09,2,909.30,2,547.98,2,255.97
2009-07-10,2,907.98,2,565.54,2,260.19
2009-07-13,2,875.71,2,584.50,2,283.08
2009-07-14,2,953.72,2,628.63,2,317.66
2009-07-15,2,979.84,2,651.84,2,343.09
2009-07-16,2,986.49,2,645.21,2,336.33
2009-07-17,2,985.39,2,664.11,2,358.96
2009-07-20,3,037.70,2,710.22,2,398.71
2009-07-21,2,995.83,2,646.82,2,342.74
2009-07-22,3,046.18,2,688.46,2,368.08
2009-07-23,3,088.31,2,712.39,2,381.63
2009-07-24,3,096.45,2,696.44,2,370.03
2009-07-27,3,164.08,2,737.49,2,420.87
2009-07-28,3,177.48,2,766.23,2,439.78
2009-07-29,3,030.29,2,597.24,2,311.07
2009-07-30,3,106.11,2,617.57,2,330.85
2009-07-31,3,182.49,2,688.83,2,395.82
2009-08-03,3,224.28,2,737.59,2,436.78
2009-08-04,3,215.16,2,771.80,2,458.75
2009-08-05,3,176.21,2,783.51,2,477.22
2009-08-06,3,112.18,2,751.01,2,448.27
2009-08-07,3,025.39,2,688.96,2,395.60
2009-08-10,3,016.04,2,720.20,2,412.71
2009-08-11,3,031.63,2,739.37,2,427.80
2009-08-12,2,904.15,2,617.21,2,316.32
2009-08-13,2,932.02,2,621.37,2,321.72
2009-08-14,2,846.63,2,503.35,2,228.56
2009-08-17,2,676.83,2,347.24,2,086.18
2009-08-18,2,706.79,2,375.86,2,115.38
2009-08-19,2,584.50,2,269.61,2,016.58
2009-08-20,2,685.90,2,350.95,2,090.69
2009-08-21,2,733.95,2,419.66,2,159.42
2009-08-24,2,745.27,2,476.84,2,230.57
2009-08-25,2,647.34,2,448.23,2,202.02
2009-08-26,2,698.83,2,514.60,2,262.06
2009-08-27,2,691.34,2,535.55,2,285.41
2009-08-28,2,603.33,2,464.57,2,233.68
2009-08-31,2,422.44,2,298.25,2,076.67
2009-09-01,2,447.00,2,279.21,2,043.63
2009-09-02,2,486.00,2,291.02,2,054.98
2009-09-03,2,611.28,2,403.72,2,153.74
2009-09-04,2,623.96,2,451.90,2,190.04
2009-09-07,2,639.63,2,484.73,2,228.78
2009-09-08,2,689.11,2,523.28,2,265.07
2009-09-09,2,702.50,2,530.99,2,284.05
2009-09-10,2,678.06,2,507.84,2,266.41
2009-09-11,2,747.44,2,545.34,2,300.25
2009-09-14,2,787.76,2,611.57,2,354.14
2009-09-15,2,791.88,2,641.18,2,389.36
2009-09-16,2,751.60,2,639.87,2,406.42
2009-09-17,2,803.55,2,695.85,2,466.51
2009-09-18,2,703.74,2,612.95,2,396.74
2009-09-21,2,709.44,2,658.82,2,425.13
2009-09-22,2,648.41,2,593.43,2,380.39
2009-09-23,2,598.51,2,515.87,2,320.26
2009-09-24,2,614.96,2,503.39,2,294.72
2009-09-25,2,597.18,2,483.43,2,264.13
2009-09-28,2,533.99,2,408.73,2,200.43
2009-09-29,2,536.36,2,359.75,2,143.55
2009-09-30,2,560.10,2,386.75,2,167.20
2009-10-09,2,680.04,2,500.09,2,273.50
2009-10-12,2,669.30,2,505.96,2,287.78
2009-10-13,2,709.69,2,538.86,2,321.69
2009-10-14,2,731.73,2,565.92,2,344.83
2009-10-15,2,740.47,2,569.63,2,351.57
2009-10-16,2,733.95,2,576.18,2,357.35
2009-10-19,2,795.73,2,632.70,2,408.89
2009-10-20,2,839.68,2,677.85,2,455.24
2009-10-21,2,830.99,2,671.67,2,426.73
2009-10-22,2,809.10,2,683.64,2,436.80
2009-10-23,2,861.99,2,707.89,2,475.05
2009-10-26,2,857.87,2,716.07,2,488.44
2009-10-27,2,779.24,2,643.86,2,423.95
2009-10-28,2,784.45,2,674.99,2,440.01
2009-10-29,2,721.92,2,631.45,2,389.91
2009-10-30,2,757.22,2,665.30,2,409.28
2009-11-02,2,840.75,2,750.24,2,468.59
2009-11-03,2,868.34,2,810.96,2,522.03
2009-11-04,2,880.05,2,830.04,2,549.44
2009-11-05,2,902.17,2,850.59,2,572.74
2009-11-06,2,908.72,2,864.44,2,579.08
2009-11-09,2,917.87,2,886.02,2,603.25
2009-11-10,2,927.08,2,892.64,2,602.56
2009-11-11,2,921.78,2,913.22,2,615.00
2009-11-12,2,920.70,2,920.40,2,623.41
2009-11-13,2,934.70,2,953.41,2,651.89
2009-11-16,3,015.77,3,017.18,2,713.45
2009-11-17,3,024.86,3,039.29,2,731.56
2009-11-18,3,043.99,3,062.15,2,746.74
2009-11-19,3,050.56,3,105.63,2,781.69
2009-11-20,3,032.92,3,130.20,2,798.22
2009-11-23,3,052.40,3,185.75,2,849.51
2009-11-24,2,961.86,3,016.25,2,715.38
2009-11-25,3,017.09,3,121.24,2,806.67
2009-11-26,2,902.10,3,000.26,2,700.31
2009-11-27,2,839.01,2,923.54,2,636.39
2009-11-30,2,927.76,3,062.85,2,754.27
2009-12-01,2,963.78,3,148.30,2,826.12
2009-12-02,2,989.68,3,193.97,2,868.36
2009-12-03,2,976.42,3,217.52,2,886.90
2009-12-04,3,042.64,3,124.99,2,818.49
2009-12-07,3,055.05,3,175.34,2,868.54
2009-12-08,3,020.10,3,168.57,2,875.31
2009-12-09,2,974.33,3,130.76,2,832.14
2009-12-10,2,986.79,3,149.92,2,865.06
2009-12-11,2,979.62,3,150.18,2,865.80
2009-12-14,3,040.75,3,148.71,2,855.60
2009-12-15,3,012.70,3,160.54,2,866.17
2009-12-16,2,989.83,3,148.27,2,839.33
2009-12-17,2,927.78,3,052.37,2,756.71
2009-12-18,2,878.05,2,947.20,2,672.68
2009-12-21,2,882.00,2,985.70,2,712.56
2009-12-22,2,826.61,2,906.65,2,655.76
2009-12-23,2,847.19,2,954.36,2,704.82
2009-12-24,2,919.96,3,047.29,2,800.64
2009-12-25,2,907.03,3,065.25,2,820.03
2009-12-28,2,950.26,3,113.73,2,859.91
2009-12-29,2,974.36,3,122.52,2,883.56
2009-12-30,3,031.16,3,108.96,2,857.92
2009-12-31,3,043.64,3,139.09,2,887.62
2010-01-04,3,005.66,3,143.05,2,906.56
2010-01-05,3,026.87,3,173.07,2,944.27
2010-01-06,2,997.14,3,166.15,2,924.93
2010-01-07,2,931.10,3,099.52,2,868.35
2010-01-08,2,935.38,3,125.61,2,885.16
2010-01-11,2,938.73,3,133.43,2,942.26
2010-01-12,2,985.11,3,201.90,3,004.30
2010-01-13,2,878.15,3,177.86,2,994.91
2010-01-14,2,911.79,3,268.91,3,074.71
2010-01-15,2,919.65,3,292.05,3,092.78
2010-01-18,2,924.86,3,346.62,3,114.62
2010-01-19,2,928.68,3,343.57,3,085.83
2010-01-20,2,836.79,3,226.75,2,941.53
2010-01-21,2,853.93,3,243.01,2,947.37
2010-01-22,2,837.76,3,152.22,2,855.82
2010-01-25,2,809.21,3,119.62,2,829.00
2010-01-26,2,750.44,3,001.88,2,747.95
2010-01-27,2,711.83,2,979.58,2,728.90
2010-01-28,2,713.32,3,021.34,2,740.65
2010-01-29,2,705.29,3,049.48,2,767.76
2010-02-01,2,664.92,3,004.60,2,709.74
2010-02-02,2,662.10,2,982.99,2,683.60
2010-02-03,2,731.05,3,030.23,2,692.10
2010-02-04,2,721.51,3,052.54,2,703.07
2010-02-05,2,673.09,2,983.24,2,660.86
2010-02-08,2,667.47,2,985.81,2,668.46
2010-02-09,2,678.62,2,991.83,2,672.35
2010-02-10,2,710.31,3,030.85,2,731.12
2010-02-11,2,715.25,3,027.43,2,731.67
2010-02-12,2,744.00,3,071.07,2,778.79
2010-02-22,2,725.16,3,082.07,2,768.06
2010-02-23,2,696.72,3,110.52,2,779.92
2010-02-24,2,728.34,3,178.73,2,872.09
2010-02-25,2,763.51,3,225.30,2,914.26
2010-02-26,2,754.05,3,225.28,2,917.06
2010-03-01,2,788.91,3,261.29,2,952.22
2010-03-02,2,778.85,3,262.42,2,960.97
2010-03-03,2,793.99,3,306.40,2,980.04
2010-03-04,2,734.80,3,190.06,2,885.97
2010-03-05,2,739.82,3,201.05,2,906.12
2010-03-08,2,757.01,3,238.07,2,943.15
2010-03-09,2,778.01,3,240.77,2,938.56
2010-03-10,2,762.15,3,194.84,2,902.60
2010-03-11,2,768.55,3,171.33,2,912.09
2010-03-12,2,733.72,3,125.67,2,890.00
2010-03-15,2,696.51,3,110.93,2,883.54
2010-03-16,2,715.99,3,132.29,2,892.06
2010-03-17,2,768.11,3,208.17,2,967.07
2010-03-18,2,758.84,3,215.18,2,973.36
2010-03-19,2,778.41,3,244.51,2,989.18
2010-03-22,2,783.91,3,264.62,3,016.84
2010-03-23,2,763.54,3,250.12,3,032.44
2010-03-24,2,768.79,3,259.01,3,076.66
2010-03-25,2,734.14,3,219.60,3,086.86
2010-03-26,2,773.24,3,263.24,3,103.08
2010-03-29,2,843.83,3,292.55,3,104.72
2010-03-30,2,846.52,3,311.46,3,141.04
2010-03-31,2,822.88,3,320.09,3,182.60
2010-04-01,2,855.58,3,377.85,3,217.96
2010-04-02,2,860.80,3,387.44,3,214.85
2010-04-06,2,854.54,3,403.35,3,250.68
2010-04-07,2,839.75,3,411.97,3,302.05
2010-04-08,2,804.48,3,417.08,3,304.38
2010-04-09,2,825.59,3,473.34,3,376.68
2010-04-12,2,794.71,3,499.35,3,455.26
2010-04-13,2,835.61,3,467.26,3,319.27
2010-04-14,2,833.42,3,513.05,3,343.47
2010-04-15,2,832.07,3,472.88,3,255.69
2010-04-16,2,797.40,3,464.07,3,290.80
2010-04-19,2,653.34,3,310.28,3,205.40
2010-04-20,2,637.59,3,346.55,3,234.04
2010-04-21,2,679.63,3,447.64,3,340.35
2010-04-22,2,641.35,3,457.94,3,391.20
2010-04-23,2,626.54,3,435.49,3,362.35
2010-04-26,2,610.19,3,441.85,3,326.53
2010-04-27,2,565.47,3,356.33,3,240.32
2010-04-28,2,560.43,3,344.35,3,198.54
2010-04-29,2,550.25,3,249.83,3,082.65
2010-04-30,2,567.08,3,162.06,2,974.46
2010-05-04,2,523.76,3,146.71,2,983.70
2010-05-05,2,530.09,3,223.04,3,088.84
2010-05-06,2,421.74,3,129.90,3,010.56
2010-05-07,2,379.97,3,070.20,2,968.84
2010-05-10,2,404.94,3,024.21,2,888.82
2010-05-11,2,360.78,2,949.37,2,812.99
2010-05-12,2,392.42,2,883.09,2,735.99
2010-05-13,2,441.71,2,955.97,2,807.82
2010-05-14,2,421.07,2,965.67,2,834.99
2010-05-17,2,303.33,2,781.14,2,676.28
2010-05-18,2,340.73,2,805.05,2,707.69
2010-05-19,2,333.92,2,813.06,2,738.03
2010-05-20,2,309.78,2,758.14,2,707.22
2010-05-21,2,340.24,2,811.00,2,791.29
2010-05-24,2,415.81,2,935.30,2,914.16
2010-05-25,2,361.50,2,904.98,2,902.95
2010-05-26,2,365.51,2,912.40,2,895.07
2010-05-27,2,393.92,2,968.85,2,958.18
2010-05-28,2,388.91,2,984.08,2,982.40
2010-05-31,2,336.17,2,894.14,2,914.68
2010-06-01,2,318.12,2,847.46,2,867.16
2010-06-02,2,312.26,2,883.09,2,921.34
2010-06-03,2,298.77,2,868.33,2,928.16
2010-06-04,2,300.35,2,884.07,2,971.47
2010-06-07,2,252.20,2,868.60,3,026.64
2010-06-08,2,244.88,2,897.27,3,068.41
2010-06-09,2,315.45,2,968.14,3,124.97
2010-06-10,2,284.27,2,984.19,3,170.48
2010-06-11,2,292.52,2,973.02,3,151.40
2010-06-17,2,293.88,2,940.25,3,074.62
2010-06-18,2,265.97,2,815.38,2,926.66
2010-06-21,2,339.28,2,887.36,3,005.15
2010-06-22,2,341.35,2,910.61,3,017.60
2010-06-23,2,322.47,2,887.95,3,027.49
2010-06-24,2,325.80,2,884.26,3,027.80
2010-06-25,2,320.01,2,837.97,2,967.47
2010-06-28,2,309.20,2,790.02,2,914.02
2010-06-29,2,217.96,2,638.74,2,752.34
2010-06-30,2,194.27,2,593.21,2,733.48
2010-07-01,2,174.36,2,548.86,2,701.08
2010-07-02,2,183.64,2,533.98,2,693.22
2010-07-05,2,168.63,2,517.44,2,677.44
2010-07-06,2,211.67,2,584.73,2,754.41
2010-07-07,2,221.07,2,621.48,2,790.43
2010-07-08,2,219.95,2,608.45,2,779.24
2010-07-09,2,269.23,2,687.77,2,859.96
2010-07-12,2,288.45,2,718.74,2,897.60
2010-07-13,2,254.43,2,679.69,2,849.00
2010-07-14,2,267.22,2,700.37,2,884.53
2010-07-15,2,227.56,2,640.99,2,814.27
2010-07-16,2,226.47,2,652.37,2,836.54
2010-07-19,2,277.04,2,715.44,2,902.98
2010-07-20,2,322.94,2,792.03,2,986.34
2010-07-21,2,328.87,2,801.95,2,993.14
2010-07-22,2,353.54,2,841.99,3,043.37
2010-07-23,2,366.61,2,844.59,3,041.13
2010-07-26,2,377.02,2,887.00,3,082.27
2010-07-27,2,363.78,2,881.58,3,080.04
2010-07-28,2,418.39,2,944.91,3,150.81
2010-07-29,2,426.50,2,966.62,3,178.70
2010-07-30,2,416.85,2,965.23,3,179.98
2010-08-02,2,452.70,3,022.92,3,240.40
2010-08-03,2,410.08,2,971.22,3,187.30
2010-08-04,2,412.13,3,004.43,3,226.91
2010-08-05,2,388.80,3,012.35,3,240.50
2010-08-06,2,421.51,3,074.32,3,302.85
2010-08-09,2,428.21,3,113.05,3,345.10
2010-08-10,2,363.02,3,006.44,3,218.60
2010-08-11,2,373.36,3,035.28,3,260.58
2010-08-12,2,343.60,3,002.43,3,223.63
2010-08-13,2,369.10,3,062.92,3,285.26
2010-08-16,2,419.17,3,139.93,3,357.71
2010-08-17,2,428.34,3,165.49,3,387.57
2010-08-18,2,424.35,3,163.41,3,384.86
2010-08-19,2,444.23,3,167.62,3,392.16
2010-08-20,2,406.53,3,092.38,3,322.19
2010-08-23,2,401.45,3,105.75,3,350.86
2010-08-24,2,406.50,3,147.70,3,394.13
2010-08-25,2,356.25,3,076.28,3,327.18
2010-08-26,2,360.64,3,094.51,3,346.10
2010-08-27,2,364.71,3,119.05,3,361.00
2010-08-30,2,402.21,3,203.80,3,444.86
2010-08-31,2,385.12,3,221.24,3,474.73
2010-09-01,2,375.65,3,176.30,3,434.48
2010-09-02,2,403.47,3,235.54,3,512.97
2010-09-03,2,400.49,3,252.31,3,549.08
2010-09-06,2,446.28,3,259.12,3,540.79
2010-09-07,2,447.11,3,281.60,3,570.28
2010-09-08,2,438.81,3,308.80,3,594.79
2010-09-09,2,399.09,3,270.10,3,536.84
2010-09-10,2,402.04,3,299.67,3,567.35
2010-09-13,2,423.09,3,357.13,3,629.03
2010-09-14,2,422.76,3,365.39,3,643.66
2010-09-15,2,383.50,3,316.26,3,581.66
2010-09-16,2,340.54,3,243.19,3,489.73
2010-09-17,2,342.92,3,243.43,3,484.70
2010-09-20,2,339.87,3,208.53,3,443.30
2010-09-21,2,346.52,3,204.55,3,437.14
2010-09-27,2,375.95,3,294.28,3,524.65
2010-09-28,2,355.82,3,285.49,3,507.68
2010-09-29,2,358.44,3,248.61,3,462.78
2010-09-30,2,400.59,3,305.77,3,509.43
2010-10-08,2,480.13,3,390.18,3,591.43
2010-10-11,2,552.28,3,413.82,3,624.46
2010-10-12,2,584.60,3,432.69,3,648.18
2010-10-13,2,610.94,3,455.55,3,675.94
2010-10-14,2,635.51,3,369.36,3,554.57
2010-10-15,2,737.58,3,395.57,3,559.27
2010-10-18,2,726.19,3,361.72,3,522.76
2010-10-19,2,773.56,3,458.39,3,621.35
2010-10-20,2,787.53,3,472.93,3,621.21
2010-10-21,2,762.41,3,503.78,3,657.34
2010-10-22,2,755.40,3,534.39,3,691.65
2010-10-25,2,827.84,3,635.30,3,779.80
2010-10-26,2,805.66,3,656.36,3,816.92
2010-10-27,2,761.24,3,610.08,3,784.41
2010-10-28,2,753.35,3,609.05,3,798.66
2010-10-29,2,729.92,3,650.55,3,834.66
2010-11-01,2,800.31,3,761.97,3,939.66
2010-11-02,2,784.41,3,740.89,3,931.78
2010-11-03,2,769.51,3,663.49,3,887.07
2010-11-04,2,810.83,3,754.65,3,973.37
2010-11-05,2,847.46,3,808.31,4,038.79
2010-11-08,2,865.56,3,882.74,4,125.55
2010-11-09,2,835.52,3,898.15,4,137.20
2010-11-10,2,815.92,3,908.64,4,148.30
2010-11-11,2,866.71,3,875.20,4,103.55
2010-11-12,2,730.11,3,635.60,3,831.70
2010-11-15,2,748.72,3,719.20,3,925.03
2010-11-16,2,630.03,3,576.18,3,791.67
2010-11-17,2,587.53,3,448.49,3,654.44
2010-11-18,2,615.74,3,501.91,3,706.59
2010-11-19,2,625.03,3,595.24,3,809.59
2010-11-22,2,610.52,3,642.75,3,867.76
2010-11-23,2,561.53,3,583.54,3,805.89
2010-11-24,2,576.83,3,685.67,3,913.06
2010-11-25,2,611.27,3,716.19,3,958.56
2010-11-26,2,585.70,3,687.79,3,943.14
2010-11-29,2,581.27,3,690.71,3,957.30
2010-11-30,2,548.59,3,606.58,3,839.34
2010-12-01,2,547.32,3,600.34,3,854.05
2010-12-02,2,567.05,3,613.19,3,879.65
2010-12-03,2,572.51,3,592.22,3,851.98
2010-12-06,2,601.29,3,543.84,3,797.37
2010-12-07,2,616.78,3,593.58,3,841.49
2010-12-08,2,587.34,3,583.79,3,833.18
2010-12-09,2,553.69,3,515.04,3,753.09
2010-12-10,2,577.97,3,567.46,3,801.92
2010-12-13,2,657.09,3,670.21,3,913.47
2010-12-14,2,654.28,3,711.24,3,969.72
2010-12-15,2,635.96,3,695.62,3,959.08
2010-12-16,2,623.84,3,685.22,3,955.82
2010-12-17,2,613.72,3,692.12,3,961.51
2010-12-20,2,571.96,3,653.97,3,912.24
2010-12-21,2,623.24,3,701.84,3,960.78
2010-12-22,2,598.83,3,671.48,3,929.72
2010-12-23,2,585.38,3,603.54,3,850.13
2010-12-24,2,573.43,3,546.91,3,781.85
2010-12-27,2,531.23,3,455.46,3,663.72
2010-12-28,2,493.56,3,372.74,3,575.15
2010-12-29,2,503.43,3,428.05,3,636.03
2010-12-30,2,512.13,3,440.61,3,647.44
2010-12-31,2,550.57,3,523.98,3,726.35
2011-01-04,2,599.27,3,576.09,3,786.51
2011-01-05,2,584.55,3,576.51,3,801.39
2011-01-06,2,569.96,3,554.70,3,790.16
2011-01-07,2,577.61,3,532.39,3,774.35
2011-01-10,2,530.12,3,437.05,3,674.92
2011-01-11,2,546.04,3,416.31,3,654.10
2011-01-12,2,559.50,3,432.13,3,684.68
2011-01-13,2,559.39,3,431.60,3,679.76
2011-01-14,2,519.89,3,357.82,3,610.29
2011-01-17,2,426.61,3,211.83,3,454.51
2011-01-18,2,430.82,3,218.82,3,468.63
2011-01-19,2,483.77,3,301.84,3,551.85
2011-01-20,2,400.87,3,191.67,3,430.29
2011-01-21,2,431.89,3,214.84,3,462.24
2011-01-24,2,408.47,3,134.95,3,396.42
2011-01-25,2,398.73,3,095.67,3,335.85
2011-01-26,2,429.18,3,156.88,3,393.07
2011-01-27,2,468.94,3,215.56,3,444.18
2011-01-28,2,475.63,3,247.97,3,481.61
2011-01-31,2,505.54,3,294.37,3,533.55
2011-02-01,2,506.24,3,302.79,3,542.80
2011-02-09,2,473.80,3,279.09,3,542.37
2011-02-10,2,524.88,3,366.66,3,639.00
2011-02-11,2,535.94,3,406.91,3,676.54
2011-02-14,2,619.56,3,476.16,3,735.56
2011-02-15,2,616.96,3,477.39,3,739.17
2011-02-16,2,638.52,3,541.19,3,803.42
2011-02-17,2,632.35,3,569.72,3,826.20
2011-02-18,2,605.22,3,535.53,3,796.80
2011-02-21,2,639.53,3,605.44,3,878.76
2011-02-22,2,562.47,3,515.40,3,770.45
2011-02-23,2,569.28,3,551.42,3,824.56
2011-02-24,2,583.02,3,569.16,3,857.04
2011-02-25,2,588.75,3,571.42,3,864.89
2011-02-28,2,621.65,3,617.00,3,920.93
2011-03-01,2,635.27,3,628.13,3,940.05
2011-03-02,2,626.10,3,611.44,3,934.32
2011-03-03,2,613.17,3,542.95,3,866.38
2011-03-04,2,652.21,3,586.07,3,916.58
2011-03-07,2,704.36,3,635.82,3,964.75
2011-03-08,2,704.51,3,646.89,3,993.29
2011-03-09,2,705.75,3,653.95,4,008.24
2011-03-10,2,657.02,3,618.35,3,981.94
2011-03-11,2,630.18,3,605.08,3,976.16
2011-03-14,2,640.97,3,640.39,4,011.26
2011-03-15,2,592.14,3,596.41,3,964.23
2011-03-16,2,627.85,3,647.25,4,009.34
2011-03-17,2,587.54,3,575.96,3,936.80
2011-03-18,2,601.95,3,593.00,3,962.79
2011-03-21,2,594.50,3,567.46,3,945.14
2011-03-22,2,608.06,3,568.47,3,945.65
2011-03-23,2,639.58,3,619.99,3,992.93
2011-03-24,2,628.65,3,617.64,4,008.70
2011-03-25,2,663.23,3,646.08,4,039.31
2011-03-28,2,659.79,3,628.22,4,033.93
2011-03-29,2,635.32,3,565.85,3,970.16
2011-03-30,2,633.78,3,547.36,3,930.18
2011-03-31,2,610.68,3,502.30,3,877.77
2011-04-01,2,650.27,3,542.19,3,930.48
2011-04-06,2,684.57,3,532.09,3,934.96
2011-04-07,2,694.71,3,550.91,3,959.79
2011-04-08,2,719.36,3,592.24,3,997.36
2011-04-11,2,702.41,3,568.93,3,966.15
2011-04-12,2,696.64,3,566.31,3,964.77
2011-04-13,2,734.62,3,602.86,4,003.05
2011-04-14,2,719.33,3,597.59,3,994.64
2011-04-15,2,724.45,3,597.04,4,004.41
2011-04-18,2,723.60,3,600.08,4,027.61
2011-04-19,2,670.32,3,557.43,3,982.23
2011-04-20,2,671.25,3,579.61,4,005.73
2011-04-21,2,689.53,3,601.25,4,030.65
2011-04-22,2,675.76,3,581.47,4,005.15
2011-04-25,2,637.49,3,513.08,3,912.85
2011-04-26,2,623.03,3,460.73,3,842.95
2011-04-27,2,608.76,3,416.90,3,795.57
2011-04-28,2,573.88,3,312.29,3,668.30
2011-04-29,2,596.97,3,366.22,3,727.87
2011-05-03,2,610.53,3,411.03,3,796.30
2011-05-04,2,543.00,3,338.20,3,716.71
2011-05-05,2,540.46,3,346.10,3,730.16
2011-05-06,2,535.30,3,362.56,3,750.56
2011-05-09,2,541.72,3,380.39,3,787.36
2011-05-10,2,561.53,3,398.02,3,816.64
2011-05-11,2,553.69,3,394.84,3,829.68
2011-05-12,2,517.70,3,345.30,3,775.84
2011-05-13,2,539.46,3,366.66,3,808.79
2011-05-16,2,514.47,3,357.87,3,812.79
2011-05-17,2,526.14,3,357.46,3,781.28
2011-05-18,2,546.43,3,376.13,3,803.39
2011-05-19,2,532.13,3,354.57,3,785.99
2011-05-20,2,533.92,3,344.27,3,776.22
2011-05-23,2,455.28,3,226.92,3,629.42
2011-05-24,2,459.04,3,221.39,3,630.38
2011-05-25,2,429.05,3,182.72,3,589.50
2011-05-26,2,422.05,3,152.20,3,552.37
2011-05-27,2,413.75,3,083.52,3,422.90
2011-05-30,2,411.18,3,039.36,3,357.22
2011-05-31,2,449.24,3,098.62,3,434.22
2011-06-01,2,448.37,3,126.38,3,473.99
2011-06-02,2,406.99,3,089.73,3,421.64
2011-06-03,2,430.72,3,138.83,3,481.10
2011-06-07,2,445.44,3,161.74,3,517.96
2011-06-08,2,445.88,3,175.57,3,539.75
2011-06-09,2,400.44,3,110.22,3,454.84
2011-06-10,2,408.41,3,115.68,3,465.94
2011-06-13,2,398.76,3,113.53,3,466.14
2011-06-14,2,433.98,3,159.01,3,519.41
2011-06-15,2,409.16,3,127.97,3,487.52
2011-06-16,2,374.82,3,062.79,3,404.75
2011-06-17,2,355.33,3,019.13,3,353.53
2011-06-20,2,342.49,2,978.65,3,308.62
2011-06-21,2,369.75,3,013.85,3,356.51
2011-06-22,2,370.36,3,003.43,3,351.38
2011-06-23,2,410.56,3,061.61,3,413.83
2011-06-24,2,468.43,3,140.47,3,493.53
2011-06-27,2,473.50,3,175.14,3,543.45
2011-06-28,2,477.67,3,182.42,3,553.21
2011-06-29,2,444.51,3,143.65,3,505.80
2011-06-30,2,480.55,3,191.57,3,554.84
2011-07-01,2,483.27,3,208.06,3,575.78
2011-07-04,2,541.53,3,290.70,3,658.93
2011-07-05,2,540.66,3,310.52,3,685.60
2011-07-06,2,533.35,3,317.36,3,698.37
2011-07-07,2,521.94,3,318.47,3,696.86
2011-07-08,2,526.78,3,315.96,3,691.97
2011-07-11,2,528.55,3,343.84,3,727.15
2011-07-12,2,483.50,3,293.72,3,669.68
2011-07-13,2,524.00,3,353.93,3,743.47
2011-07-14,2,530.67,3,380.31,3,776.54
2011-07-15,2,541.36,3,405.35,3,803.78
2011-07-18,2,533.73,3,412.56,3,808.15
2011-07-19,2,513.32,3,372.43,3,768.03
2011-07-20,2,509.61,3,370.86,3,773.56
2011-07-21,2,483.86,3,324.01,3,724.46
2011-07-22,2,490.63,3,334.63,3,744.87
2011-07-25,2,412.03,3,209.06,3,588.98
2011-07-26,2,419.45,3,221.73,3,609.17
2011-07-27,2,433.50,3,280.97,3,668.59
2011-07-28,2,417.28,3,263.38,3,650.80
2011-07-29,2,414.36,3,226.28,3,614.89
2011-08-01,2,416.90,3,240.25,3,633.88
2011-08-02,2,398.26,3,219.18,3,612.92
2011-08-03,2,396.64,3,228.71,3,624.37
2011-08-04,2,400.74,3,242.12,3,640.21
2011-08-05,2,348.77,3,185.72,3,556.78
2011-08-08,2,268.77,3,045.05,3,366.16
2011-08-09,2,273.12,3,042.68,3,356.40
2011-08-10,2,293.15,3,082.21,3,409.94
2011-08-11,2,327.02,3,130.69,3,473.05
2011-08-12,2,331.68,3,160.26,3,515.64
2011-08-15,2,367.07,3,197.99,3,572.12
2011-08-16,2,351.11,3,170.88,3,547.94
2011-08-17,2,341.91,3,156.08,3,540.28
2011-08-18,2,301.50,3,096.86,3,476.33
2011-08-19,2,278.68,3,070.33,3,443.86
2011-08-22,2,253.63,3,041.10,3,426.55
2011-08-23,2,289.30,3,084.68,3,485.26
2011-08-24,2,279.42,3,081.41,3,479.97
2011-08-25,2,357.34,3,148.39,3,547.13
2011-08-26,2,353.63,3,154.11,3,563.31
2011-08-29,2,311.90,3,124.70,3,538.07
2011-08-30,2,305.11,3,092.59,3,507.61
2011-08-31,2,311.26,3,075.75,3,491.04
2011-09-01,2,303.57,3,049.07,3,466.26
2011-09-02,2,278.83,3,015.16,3,425.48
2011-09-05,2,230.84,2,939.14,3,344.61
2011-09-06,2,214.13,2,914.20,3,322.97
2011-09-07,2,258.37,2,980.44,3,406.43
2011-09-08,2,240.25,2,953.10,3,368.39
2011-09-09,2,237.53,2,934.88,3,349.03
2011-09-13,2,214.00,2,882.91,3,295.93
2011-09-14,2,223.22,2,912.42,3,335.19
2011-09-15,2,219.08,2,916.34,3,339.17
2011-09-16,2,223.28,2,918.02,3,340.57
2011-09-19,2,178.37,2,861.78,3,276.71
2011-09-20,2,186.86,2,872.85,3,298.18
2011-09-21,2,252.45,2,959.16,3,390.60
2011-09-22,2,182.59,2,871.37,3,295.74
2011-09-23,2,169.26,2,848.78,3,267.77
2011-09-26,2,118.44,2,802.96,3,216.20
2011-09-27,2,141.97,2,813.66,3,228.02
2011-09-28,2,121.98,2,767.84,3,167.82
2011-09-29,2,106.61,2,689.58,3,057.81
2011-09-30,2,103.06,2,676.40,3,045.81
2011-10-10,2,082.20,2,655.89,3,033.76
2011-10-11,2,079.84,2,641.52,3,028.63
2011-10-12,2,155.80,2,734.24,3,134.20
2011-10-13,2,169.72,2,768.22,3,178.76
2011-10-14,2,162.26,2,757.31,3,163.30
2011-10-17,2,172.55,2,767.57,3,174.37
2011-10-18,2,113.00,2,685.37,3,072.79
2011-10-19,2,104.73,2,670.13,3,058.47
2011-10-20,2,055.64,2,594.88,2,965.15
2011-10-21,2,047.67,2,551.58,2,911.78
2011-10-24,2,105.64,2,600.91,2,959.90
2011-10-25,2,144.03,2,673.51,3,039.57
2011-10-26,2,164.55,2,704.88,3,066.66
2011-10-27,2,171.15,2,701.55,3,071.49
2011-10-28,2,212.60,2,764.27,3,135.80
2011-10-31,2,199.50,2,778.21,3,157.10
2011-11-01,2,201.41,2,776.58,3,161.00
2011-11-02,2,236.83,2,829.50,3,213.99
2011-11-03,2,236.85,2,849.07,3,232.99
2011-11-04,2,251.25,2,871.97,3,260.45
2011-11-07,2,227.93,2,858.13,3,247.91
2011-11-08,2,222.47,2,826.90,3,208.16
2011-11-09,2,240.11,2,871.10,3,261.03
2011-11-10,2,196.64,2,833.30,3,214.42
2011-11-11,2,191.92,2,830.20,3,214.41
2011-11-14,2,236.37,2,894.40,3,293.47
2011-11-15,2,229.70,2,908.18,3,321.36
2011-11-16,2,169.92,2,832.78,3,240.33
2011-11-17,2,164.19,2,824.07,3,239.98
2011-11-18,2,119.88,2,745.19,3,147.39
2011-11-21,2,121.65,2,746.28,3,154.28
2011-11-22,2,121.14,2,741.42,3,150.54
2011-11-23,2,100.57,2,726.20,3,137.43
2011-11-24,2,105.16,2,723.28,3,134.28
2011-11-25,2,090.14,2,705.38,3,112.98
2011-11-28,2,091.70,2,709.62,3,116.05
2011-11-29,2,119.57,2,755.72,3,166.34
2011-11-30,2,050.88,2,646.72,3,031.34
2011-12-01,2,102.99,2,697.38,3,094.91
2011-12-02,2,084.29,2,642.21,3,028.59
2011-12-05,2,057.92,2,564.47,2,923.91
2011-12-06,2,053.03,2,565.34,2,924.72
2011-12-07,2,063.76,2,572.70,2,932.30
2011-12-08,2,061.17,2,572.70,2,929.99
2011-12-09,2,043.35,2,548.21,2,899.93
2011-12-12,2,023.48,2,514.58,2,863.11
2011-12-13,1,981.59,2,432.56,2,754.11
2011-12-14,1,964.86,2,389.15,2,697.25
2011-12-15,1,920.43,2,328.72,2,620.85
2011-12-16,1,959.77,2,394.70,2,696.67
2011-12-19,1,955.31,2,401.08,2,700.18
2011-12-20,1,950.97,2,391.45,2,690.74
2011-12-21,1,922.60,2,333.05,2,623.09
2011-12-22,1,925.87,2,311.79,2,577.27
2011-12-23,1,940.96,2,330.52,2,597.81
2011-12-26,1,922.03,2,315.04,2,580.61
2011-12-27,1,899.86,2,263.31,2,505.59
2011-12-28,1,904.17,2,255.63,2,486.24
2011-12-29,1,907.93,2,255.91,2,486.35
2011-12-30,1,935.84,2,300.37,2,529.24
2012-01-04,1,901.48,2,240.31,2,462.13
2012-01-05,1,889.95,2,160.53,2,352.36
2012-01-06,1,903.00,2,165.66,2,362.84
2012-01-09,1,965.64,2,248.91,2,464.71
2012-01-10,2,027.31,2,340.09,2,569.50
2012-01-11,2,015.51,2,343.01,2,574.97
2012-01-12,2,015.75,2,338.08,2,573.60
2012-01-13,1,985.86,2,260.88,2,473.84
2012-01-16,1,950.07,2,183.65,2,389.43
2012-01-17,2,041.53,2,306.13,2,524.30
2012-01-18,2,011.33,2,255.10,2,464.50
2012-01-19,2,051.62,2,280.84,2,486.14
2012-01-20,2,081.90,2,312.96,2,519.54
2012-01-30,2,044.84,2,294.30,2,504.93
2012-01-31,2,047.60,2,296.27,2,507.14
2012-02-01,2,018.43,2,275.50,2,488.30
2012-02-02,2,066.57,2,319.14,2,538.19
2012-02-03,2,080.84,2,354.10,2,584.51
2012-02-06,2,077.87,2,371.42,2,611.00
2012-02-07,2,039.54,2,332.01,2,566.07
2012-02-08,2,096.56,2,394.81,2,638.75
2012-02-09,2,096.15,2,408.29,2,663.42
2012-02-10,2,098.40,2,419.58,2,680.49
2012-02-13,2,094.81,2,438.09,2,715.94
2012-02-14,2,084.50,2,437.30,2,720.33
2012-02-15,2,106.41,2,471.17,2,765.06
2012-02-16,2,094.52,2,465.78,2,765.89
2012-02-17,2,096.18,2,459.56,2,756.01
2012-02-20,2,099.66,2,465.12,2,761.85
2012-02-21,2,116.51,2,495.24,2,797.35
2012-02-22,2,143.13,2,547.25,2,852.67
2012-02-23,2,149.39,2,555.98,2,860.00
2012-02-24,2,184.49,2,591.35,2,897.82
2012-02-27,2,192.42,2,600.55,2,899.78
2012-02-28,2,198.64,2,589.19,2,877.78
2012-02-29,2,176.07,2,556.49,2,839.24
2012-03-01,2,174.21,2,564.52,2,860.79
2012-03-02,2,211.69,2,617.42,2,918.73
2012-03-05,2,195.23,2,616.03,2,928.80
2012-03-06,2,161.63,2,581.79,2,904.98
2012-03-07,2,146.58,2,563.16,2,888.28
2012-03-08,2,173.03,2,602.32,2,933.14
2012-03-09,2,195.53,2,641.80,2,975.84
2012-03-12,2,183.83,2,660.08,2,994.22
2012-03-13,2,205.93,2,685.41,3,023.61
2012-03-14,2,147.13,2,576.69,2,883.12
2012-03-15,2,131.66,2,550.31,2,848.99
2012-03-16,2,160.34,2,610.12,2,927.18
2012-03-19,2,163.09,2,635.69,2,972.07
2012-03-20,2,128.06,2,576.93,2,901.94
2012-03-21,2,128.34,2,586.52,2,912.31
2012-03-22,2,126.89,2,573.22,2,903.11
2012-03-23,2,104.30,2,523.52,2,843.68
2012-03-26,2,107.07,2,519.47,2,837.93
2012-03-27,2,098.55,2,514.62,2,831.22
2012-03-28,2,043.68,2,409.43,2,696.33
2012-03-29,2,018.28,2,370.52,2,637.78
2012-03-30,2,031.02,2,364.11,2,625.26
2012-04-05,2,076.50,2,439.76,2,713.16
2012-04-06,2,081.14,2,450.12,2,738.75
2012-04-09,2,061.94,2,419.93,2,705.45
2012-04-10,2,082.02,2,444.80,2,738.27
2012-04-11,2,082.48,2,449.26,2,753.51
2012-04-12,2,124.28,2,493.44,2,815.14
2012-04-13,2,131.66,2,512.64,2,840.20
2012-04-16,2,125.49,2,512.15,2,851.44
2012-04-17,2,098.83,2,480.41,2,810.54
2012-04-18,2,146.49,2,535.70,2,876.61
2012-04-19,2,143.48,2,529.02,2,873.87
2012-04-20,2,169.60,2,547.83,2,901.30
2012-04-23,2,152.89,2,517.13,2,859.58
2012-04-24,2,154.52,2,497.41,2,838.05
2012-04-25,2,170.73,2,524.14,2,884.45
2012-04-26,2,173.00,2,525.23,2,867.59
2012-04-27,2,170.14,2,508.08,2,840.43
2012-05-02,2,218.17,2,554.71,2,872.59
2012-05-03,2,223.90,2,571.66,2,885.19
2012-05-04,2,242.86,2,595.66,2,906.16
2012-05-07,2,240.76,2,620.23,2,929.69
2012-05-08,2,232.21,2,618.20,2,932.12
2012-05-09,2,190.42,2,569.51,2,884.46
2012-05-10,2,190.81,2,577.03,2,895.35
2012-05-11,2,174.74,2,563.51,2,877.72
2012-05-14,2,156.60,2,552.92,2,876.45
2012-05-15,2,160.15,2,549.32,2,867.39
2012-05-16,2,125.33,2,514.81,2,833.53
2012-05-17,2,158.03,2,549.07,2,874.82
2012-05-18,2,126.02,2,510.64,2,820.40
2012-05-21,2,136.25,2,515.08,2,813.99
2012-05-22,2,169.49,2,549.82,2,859.15
2012-05-23,2,160.05,2,545.82,2,856.28
2012-05-24,2,141.72,2,527.09,2,833.68
2012-05-25,2,123.92,2,498.93,2,800.16
2012-05-28,2,157.18,2,536.78,2,838.28
2012-05-29,2,186.12,2,578.54,2,881.52
2012-05-30,2,177.55,2,581.77,2,889.05
2012-05-31,2,167.69,2,582.37,2,897.03
2012-06-01,2,170.30,2,578.45,2,890.69
2012-06-04,2,111.56,2,499.91,2,790.71
2012-06-05,2,112.01,2,494.76,2,788.29
2012-06-06,2,112.80,2,486.24,2,775.33
2012-06-07,2,101.50,2,471.07,2,758.82
2012-06-08,2,086.14,2,459.97,2,747.03
2012-06-11,2,113.34,2,506.07,2,796.05
2012-06-12,2,099.31,2,491.98,2,781.71
2012-06-13,2,133.33,2,535.18,2,833.95
2012-06-14,2,115.69,2,523.03,2,814.27
2012-06-15,2,123.37,2,520.75,2,814.71
2012-06-18,2,134.72,2,540.03,2,843.85
2012-06-19,2,116.92,2,519.31,2,823.31
2012-06-20,2,111.80,2,507.08,2,809.82
2012-06-21,2,078.68,2,472.64,2,771.39
2012-06-25,2,034.91,2,407.88,2,698.24
2012-06-26,2,033.92,2,404.16,2,693.93
2012-06-27,2,029.43,2,394.96,2,686.01
2012-06-28,2,013.13,2,364.38,2,645.59
2012-06-29,2,043.64,2,398.51,2,682.31
2012-07-02,2,046.74,2,419.50,2,713.60
2012-07-03,2,050.18,2,422.08,2,721.11
2012-07-04,2,047.98,2,411.45,2,708.92
2012-07-05,2,022.14,2,365.30,2,642.44
2012-07-06,2,056.66,2,413.50,2,692.96
2012-07-09,2,010.29,2,358.89,2,622.77
2012-07-10,2,003.96,2,334.75,2,596.60
2012-07-11,2,016.76,2,363.13,2,622.62
2012-07-12,2,034.24,2,394.65,2,662.61
2012-07-13,2,037.11,2,384.53,2,647.74
2012-07-16,1,996.93,2,307.42,2,539.20
2012-07-17,2,009.20,2,320.17,2,559.84
2012-07-18,2,006.99,2,330.85,2,581.29
2012-07-19,2,015.76,2,348.36,2,615.85
2012-07-20,1,994.10,2,328.00,2,604.38
2012-07-23,1,963.41,2,306.52,2,580.87
2012-07-24,1,971.84,2,318.53,2,601.81
2012-07-25,1,959.80,2,299.61,2,580.89
2012-07-26,1,950.12,2,283.20,2,554.85
2012-07-27,1,952.53,2,272.27,2,538.39
2012-07-30,1,943.67,2,237.73,2,480.89
2012-07-31,1,945.84,2,200.37,2,435.46
2012-08-01,1,965.87,2,238.73,2,477.99
2012-08-02,1,945.04,2,221.97,2,462.29
2012-08-03,1,957.60,2,263.65,2,517.01
2012-08-06,1,982.45,2,315.26,2,579.74
2012-08-07,1,983.11,2,333.11,2,611.15
2012-08-08,1,983.99,2,327.97,2,602.51
2012-08-09,2,001.24,2,359.41,2,641.40
2012-08-10,1,990.09,2,352.96,2,640.99
2012-08-13,1,948.92,2,305.79,2,581.89
2012-08-14,1,952.49,2,319.28,2,609.20
2012-08-15,1,931.55,2,295.46,2,580.78
2012-08-16,1,922.49,2,279.70,2,559.55
2012-08-17,1,917.70,2,277.46,2,561.06
2012-08-20,1,907.46,2,276.34,2,570.76
2012-08-21,1,914.89,2,306.26,2,613.35
2012-08-22,1,899.99,2,285.98,2,593.55
2012-08-23,1,904.78,2,297.41,2,614.23
2012-08-24,1,885.75,2,254.22,2,559.50
2012-08-27,1,847.29,2,198.38,2,501.25
2012-08-28,1,856.72,2,204.32,2,520.91
2012-08-29,1,836.84,2,184.65,2,510.48
2012-08-30,1,836.71,2,152.75,2,466.10
2012-08-31,1,830.24,2,157.65,2,474.43
2012-09-03,1,848.88,2,197.35,2,518.70
2012-09-04,1,830.65,2,171.05,2,495.62
2012-09-05,1,825.42,2,180.28,2,512.43
2012-09-06,1,840.19,2,202.72,2,540.39
2012-09-07,1,922.32,2,290.94,2,624.71
2012-09-10,1,927.79,2,312.06,2,652.02
2012-09-11,1,914.89,2,301.89,2,645.55
2012-09-12,1,920.49,2,318.61,2,665.03
2012-09-13,1,903.35,2,288.94,2,625.00
2012-09-14,1,918.58,2,295.41,2,627.66
2012-09-17,1,872.28,2,228.71,2,550.58
2012-09-18,1,852.34,2,214.05,2,543.92
2012-09-19,1,860.87,2,234.93,2,565.43
2012-09-20,1,821.95,2,172.05,2,481.41
2012-09-21,1,825.85,2,161.86,2,459.29
2012-09-24,1,838.84,2,180.60,2,475.49
2012-09-25,1,835.43,2,166.80,2,456.71
2012-09-26,1,816.85,2,120.89,2,394.36
2012-09-27,1,873.00,2,172.81,2,446.49
2012-09-28,1,907.07,2,214.54,2,488.70
2012-10-08,1,887.18,2,200.90,2,482.43
2012-10-09,1,928.34,2,257.68,2,547.16
2012-10-10,1,929.94,2,276.30,2,575.84
2012-10-11,1,913.31,2,245.70,2,534.96
2012-10-12,1,915.44,2,238.55,2,531.02
2012-10-15,1,908.49,2,223.85,2,516.24
2012-10-16,1,911.53,2,231.36,2,523.62
2012-10-17,1,913.36,2,237.10,2,529.75
2012-10-18,1,942.66,2,274.56,2,572.06
2012-10-19,1,939.12,2,269.88,2,564.53
2012-10-22,1,946.85,2,277.24,2,578.06
2012-10-23,1,922.91,2,246.96,2,550.93
2012-10-24,1,919.82,2,239.44,2,549.29
2012-10-25,1,906.25,2,218.32,2,522.21
2012-10-26,1,871.00,2,172.74,2,471.84
2012-10-29,1,860.93,2,164.87,2,470.68
2012-10-30,1,865.46,2,164.08,2,474.92
2012-10-31,1,879.17,2,168.84,2,483.94
2012-11-01,1,915.13,2,209.76,2,528.23
2012-11-02,1,922.43,2,220.60,2,542.40
2012-11-05,1,918.54,2,210.93,2,530.31
2012-11-06,1,910.93,2,197.96,2,510.58
2012-11-07,1,906.98,2,195.71,2,507.24
2012-11-08,1,873.67,2,144.86,2,443.88
2012-11-09,1,869.94,2,137.41,2,435.69
2012-11-12,1,879.81,2,145.28,2,453.54
2012-11-13,1,848.29,2,102.58,2,402.02
2012-11-14,1,857.32,2,107.74,2,406.47
2012-11-15,1,834.36,2,072.38,2,362.12
2012-11-16,1,820.86,2,058.15,2,347.94
2012-11-19,1,818.12,2,061.07,2,357.62
2012-11-20,1,809.48,2,054.77,2,348.88
2012-11-21,1,834.94,2,077.87,2,372.78
2012-11-22,1,821.03,2,052.98,2,344.25
2012-11-23,1,834.39,2,059.40,2,352.70
2012-11-26,1,822.07,2,033.43,2,322.93
2012-11-27,1,805.08,1,971.95,2,231.93
2012-11-28,1,789.03,1,932.89,2,178.39
2012-11-29,1,777.85,1,916.64,2,155.39
2012-11-30,1,798.51,1,941.85,2,186.45
2012-12-03,1,774.70,1,896.87,2,132.11
2012-12-04,1,793.07,1,921.68,2,158.03
2012-12-05,1,856.91,1,993.52,2,239.01
2012-12-06,1,854.33,1,987.52,2,238.30
2012-12-07,1,889.34,2,030.27,2,291.94
2012-12-10,1,909.12,2,064.53,2,329.36
2012-12-11,1,898.56,2,053.18,2,312.61
2012-12-12,1,907.99,2,052.11,2,312.85
2012-12-13,1,886.83,2,026.79,2,281.10
2012-12-14,1,983.66,2,113.88,2,373.59
2012-12-17,1,993.72,2,126.16,2,388.39
2012-12-18,1,995.31,2,122.49,2,382.71
2012-12-19,1,997.89,2,130.22,2,392.17
2012-12-20,2,008.92,2,146.63,2,396.18
2012-12-21,1,996.83,2,144.96,2,395.78
2012-12-24,2,003.21,2,158.26,2,412.65
2012-12-25,2,060.81,2,207.84,2,469.49
2012-12-26,2,066.97,2,234.71,2,504.86
2012-12-27,2,056.40,2,217.40,2,481.63
2012-12-28,2,086.58,2,242.97,2,511.07
2012-12-31,2,124.76,2,272.84,2,536.01
2013-01-04,2,130.29,2,257.53,2,523.82
2013-01-07,2,140.00,2,277.74,2,551.41
2013-01-08,2,125.99,2,302.45,2,585.43
2013-01-09,2,126.42,2,309.24,2,590.80
2013-01-10,2,130.10,2,320.03,2,609.89
2013-01-11,2,090.82,2,268.37,2,546.77
2013-01-14,2,169.82,2,351.36,2,636.82
2013-01-15,2,182.99,2,393.47,2,687.08
2013-01-16,2,165.96,2,391.54,2,685.30
2013-01-17,2,146.59,2,363.78,2,654.06
2013-01-18,2,183.25,2,402.97,2,696.72
2013-01-21,2,197.20,2,418.12,2,718.40
2013-01-22,2,188.78,2,384.05,2,669.32
2013-01-23,2,198.74,2,389.96,2,674.60
2013-01-24,2,181.53,2,342.06,2,614.75
2013-01-25,2,169.94,2,344.29,2,607.50
2013-01-28,2,239.23,2,404.75,2,673.98
2013-01-29,2,259.93,2,423.59,2,698.94
2013-01-30,2,272.38,2,433.74,2,704.65
2013-01-31,2,270.54,2,422.46,2,689.34
2013-02-01,2,322.40,2,444.47,2,707.09
2013-02-04,2,327.08,2,431.10,2,691.64
2013-02-05,2,344.49,2,461.44,2,714.62
2013-02-06,2,348.45,2,473.95,2,731.74
2013-02-07,2,329.83,2,489.52,2,739.60
2013-02-08,2,335.63,2,526.99,2,778.03
2013-02-18,2,303.38,2,529.78,2,800.40
2013-02-19,2,260.77,2,477.59,2,755.97
2013-02-20,2,271.47,2,530.11,2,807.18
2013-02-21,2,193.18,2,469.70,2,751.91
2013-02-22,2,179.39,2,464.75,2,747.05
2013-02-25,2,185.55,2,486.53,2,777.32
2013-02-26,2,155.89,2,451.53,2,735.99
2013-02-27,2,180.92,2,455.78,2,739.14
2013-02-28,2,249.80,2,506.21,2,794.68
2013-03-01,2,243.42,2,531.31,2,828.50
2013-03-04,2,134.96,2,446.67,2,729.01
2013-03-05,2,202.65,2,500.97,2,788.57
2013-03-06,2,225.27,2,532.61,2,837.19
2013-03-07,2,198.72,2,500.51,2,808.71
2013-03-08,2,188.82,2,475.97,2,782.07
2013-03-11,2,175.36,2,474.89,2,780.95
2013-03-12,2,147.37,2,415.82,2,711.57
2013-03-13,2,124.68,2,389.18,2,690.19
2013-03-14,2,130.74,2,396.97,2,701.22
2013-03-15,2,134.41,2,407.02,2,701.79
2013-03-18,2,102.37,2,376.47,2,670.30
2013-03-19,2,121.24,2,386.53,2,676.42
2013-03-20,2,196.14,2,447.12,2,744.85
2013-03-21,2,198.84,2,471.23,2,773.76
2013-03-22,2,201.83,2,476.12,2,783.87
2013-03-25,2,198.47,2,467.06,2,784.54
2013-03-26,2,164.43,2,450.49,2,766.66
2013-03-27,2,171.29,2,459.28,2,772.25
2013-03-28,2,097.98,2,395.52,2,689.00
2013-03-29,2,093.50,2,393.59,2,690.13
2013-04-01,2,090.39,2,408.47,2,709.77
2013-04-02,2,085.68,2,376.79,2,673.55
2013-04-03,2,085.37,2,357.13,2,646.86
2013-04-08,2,075.36,2,365.62,2,656.92
2013-04-09,2,090.05,2,384.36,2,684.14
2013-04-10,2,087.54,2,375.74,2,677.79
2013-04-11,2,082.37,2,366.07,2,668.57
2013-04-12,2,069.12,2,352.33,2,645.28
2013-04-15,2,049.45,2,321.25,2,608.48
2013-04-16,2,069.06,2,343.51,2,634.33
2013-04-17,2,067.35,2,365.66,2,656.22
2013-04-18,2,072.30,2,371.77,2,665.94
2013-04-19,2,133.08,2,420.76,2,719.02
2013-04-22,2,129.30,2,434.57,2,738.15
2013-04-23,2,061.39,2,366.38,2,660.38
2013-04-24,2,099.71,2,417.54,2,716.58
2013-04-25,2,077.49,2,377.53,2,670.50
2013-04-26,2,061.43,2,339.98,2,623.43
2013-05-02,2,064.93,2,346.81,2,640.73
2013-05-03,2,100.94,2,393.69,2,695.38
2013-05-06,2,127.82,2,435.03,2,745.71
2013-05-07,2,129.87,2,443.38,2,753.34
2013-05-08,2,139.79,2,465.31,2,779.27
2013-05-09,2,124.51,2,468.49,2,782.10
2013-05-10,2,134.52,2,479.54,2,803.46
2013-05-13,2,122.77,2,489.30,2,817.31
2013-05-14,2,090.07,2,459.50,2,787.34
2013-05-15,2,099.43,2,493.78,2,823.05
2013-05-16,2,138.00,2,525.19,2,848.04
2013-05-17,2,169.85,2,566.75,2,886.16
2013-05-20,2,184.09,2,597.71,2,928.83
2013-05-21,2,186.00,2,628.24,2,970.02
2013-05-22,2,189.06,2,609.27,2,942.45
2013-05-23,2,157.81,2,588.11,2,921.66
2013-05-24,2,167.37,2,628.04,2,966.03
2013-05-27,2,167.51,2,651.03,3,000.22
2013-05-28,2,208.46,2,655.73,2,996.01
2013-05-29,2,204.15,2,673.28,3,017.18
2013-05-30,2,195.76,2,675.83,3,023.50
2013-05-31,2,173.30,2,650.13,3,009.79
2013-06-03,2,169.05,2,634.37,2,988.18
2013-06-04,2,140.11,2,581.01,2,928.65
2013-06-05,2,135.51,2,588.48,2,942.05
2013-06-06,2,108.17,2,551.36,2,891.47
2013-06-07,2,072.20,2,505.90,2,846.38
2013-06-13,2,003.54,2,437.54,2,768.43
2013-06-14,2,015.76,2,486.81,2,822.50
2013-06-17,2,005.18,2,493.47,2,832.20
2013-06-18,2,019.08,2,497.97,2,840.43
2013-06-19,2,002.81,2,485.80,2,823.79
2013-06-20,1,938.46,2,397.98,2,735.03
2013-06-21,1,937.52,2,386.02,2,716.80
2013-06-24,1,815.91,2,238.41,2,551.90
2013-06-25,1,812.77,2,226.18,2,546.15
2013-06-26,1,813.07,2,273.66,2,600.68
2013-06-27,1,809.98,2,243.23,2,548.05
2013-06-28,1,846.82,2,248.43,2,540.02
2013-07-01,1,856.57,2,298.18,2,592.39
2013-07-02,1,861.96,2,337.60,2,639.73
2013-07-03,1,845.13,2,347.10,2,639.59
2013-07-04,1,858.16,2,364.66,2,660.39
2013-07-05,1,862.40,2,347.49,2,645.41
2013-07-08,1,815.01,2,261.03,2,544.99
2013-07-09,1,812.78,2,274.45,2,558.86
2013-07-10,1,862.02,2,342.88,2,635.52
2013-07-11,1,949.56,2,413.09,2,701.39
2013-07-12,1,905.73,2,395.21,2,685.07
2013-07-15,1,931.88,2,445.58,2,745.20
2013-07-16,1,939.08,2,466.94,2,782.61
2013-07-17,1,909.73,2,429.47,2,740.21
2013-07-18,1,875.85,2,421.65,2,733.95
2013-07-19,1,832.09,2,364.83,2,667.99
2013-07-22,1,839.94,2,410.65,2,723.02
2013-07-23,1,892.04,2,475.16,2,790.38
2013-07-24,1,876.15,2,492.94,2,809.59
2013-07-25,1,866.05,2,448.69,2,756.16
2013-07-26,1,855.79,2,441.72,2,755.38
2013-07-29,1,815.28,2,392.63,2,707.50
2013-07-30,1,826.66,2,381.80,2,701.48
2013-07-31,1,829.67,2,393.48,2,713.44
2013-08-01,1,871.66,2,468.08,2,788.50
2013-08-02,1,871.93,2,477.29,2,799.76
2013-08-05,1,895.84,2,519.41,2,844.74
2013-08-06,1,906.64,2,550.06,2,872.30
2013-08-07,1,896.42,2,521.49,2,843.56
2013-08-08,1,892.82,2,526.99,2,853.79
2013-08-09,1,900.85,2,531.90,2,861.86
2013-08-12,1,955.85,2,572.82,2,897.42
2013-08-13,1,961.78,2,582.90,2,917.87
2013-08-14,1,952.61,2,577.53,2,909.78
2013-08-15,1,932.25,2,536.37,2,875.00
2013-08-16,1,919.87,2,483.28,2,813.82
2013-08-19,1,941.49,2,528.07,2,871.56
2013-08-20,1,927.16,2,515.25,2,873.33
2013-08-21,1,922.27,2,527.07,2,891.54
2013-08-22,1,919.16,2,531.52,2,896.86
2013-08-23,1,905.70,2,534.03,2,886.86
2013-08-26,1,945.54,2,586.32,2,948.16
2013-08-27,1,948.45,2,606.70,2,972.21
2013-08-28,1,936.61,2,587.12,2,946.07
2013-08-29,1,929.52,2,578.49,2,943.90
2013-08-30,1,929.20,2,542.79,2,908.73
2013-09-02,1,935.66,2,559.21,2,928.23
2013-09-03,1,963.03,2,601.08,2,973.55
2013-09-04,1,960.67,2,602.58,2,979.83
2013-09-05,1,953.67,2,610.14,2,985.15
2013-09-06,1,968.09,2,631.16,3,003.38
2013-09-09,2,043.32,2,657.97,3,023.64
2013-09-10,2,072.48,2,678.00,3,048.79
2013-09-11,2,077.84,2,657.41,3,018.75
2013-09-12,2,101.45,2,655.79,3,024.21
2013-09-13,2,084.15,2,665.51,3,033.00
2013-09-16,2,075.63,2,670.00,3,048.63
2013-09-17,2,033.19,2,624.85,2,999.59
2013-09-18,2,036.86,2,651.46,3,023.22
2013-09-23,2,067.36,2,707.63,3,082.14
2013-09-24,2,040.76,2,710.12,3,089.51
2013-09-25,2,026.50,2,700.86,3,078.70
2013-09-26,1,990.85,2,651.10,3,020.33
2013-09-27,1,999.03,2,669.55,3,026.10
2013-09-30,2,007.66,2,714.25,3,067.76
2013-10-08,2,033.54,2,756.00,3,121.82
2013-10-09,2,042.61,2,788.96,3,160.71
2013-10-10,2,020.85,2,758.00,3,149.14
2013-10-11,2,053.22,2,795.37,3,200.39
2013-10-14,2,053.81,2,821.62,3,234.41
2013-10-15,2,047.14,2,826.47,3,238.51
2013-10-16,2,012.50,2,739.67,3,147.38
2013-10-17,2,004.63,2,732.10,3,145.82
2013-10-18,2,014.88,2,747.29,3,163.29
2013-10-21,2,050.28,2,819.26,3,244.36
2013-10-22,2,027.96,2,778.10,3,218.99
2013-10-23,2,012.00,2,710.30,3,130.14
2013-10-24,1,995.70,2,690.53,3,107.00
2013-10-25,1,971.73,2,632.80,3,051.52
2013-10-28,1,968.90,2,630.14,3,042.52
2013-10-29,1,981.20,2,576.70,2,957.74
2013-10-30,2,009.35,2,613.31,3,010.55
2013-10-31,1,980.05,2,570.33,2,974.35
2013-11-01,1,991.85,2,559.94,2,958.37
2013-11-04,1,987.34,2,567.91,2,980.00
2013-11-05,1,988.50,2,598.94,3,025.28
2013-11-06,1,964.36,2,566.47,2,999.25
2013-11-07,1,954.15,2,534.87,2,954.92
2013-11-08,1,928.12,2,497.53,2,908.96
2013-11-11,1,935.03,2,502.83,2,929.81
2013-11-12,1,956.66,2,527.99,2,952.83
2013-11-13,1,912.55,2,482.74,2,897.61
2013-11-14,1,923.14,2,526.17,2,939.07
2013-11-15,1,960.63,2,578.73,3,000.53
2013-11-18,2,028.03,2,639.11,3,073.11
2013-11-19,2,013.40,2,640.22,3,083.92
2013-11-20,2,021.44,2,666.96,3,112.44
2013-11-21,2,007.53,2,662.46,3,101.52
2013-11-22,1,997.68,2,648.35,3,085.81
2013-11-25,1,989.54,2,645.35,3,086.79
2013-11-26,1,987.41,2,644.61,3,099.96
2013-11-27,2,009.08,2,687.93,3,136.52
2013-11-28,2,029.87,2,711.26,3,161.99
2013-11-29,2,028.64,2,730.70,3,188.61
2013-12-02,2,018.74,2,617.34,3,018.56
2013-12-03,2,034.27,2,667.61,3,088.43
2013-12-04,2,060.27,2,705.30,3,133.27
2013-12-05,2,052.20,2,694.05,3,122.68
2013-12-06,2,037.17,2,687.99,3,113.88
2013-12-09,2,035.48,2,710.96,3,143.15
2013-12-10,2,038.10,2,709.83,3,145.93
2013-12-11,2,004.38,2,684.64,3,115.07
2013-12-12,2,002.08,2,695.35,3,132.10
2013-12-13,1,999.83,2,697.21,3,141.99
2013-12-16,1,970.55,2,649.00,3,094.07
2013-12-17,1,961.42,2,633.55,3,073.97
2013-12-18,1,962.52,2,626.29,3,072.72
2013-12-19,1,941.21,2,600.18,3,051.18
2013-12-20,1,893.86,2,564.53,3,015.41
2013-12-23,1,901.93,2,559.67,3,006.27
2013-12-24,1,904.03,2,575.69,3,032.09
2013-12-25,1,916.23,2,608.63,3,071.28
2013-12-26,1,884.37,2,561.21,3,017.42
2013-12-27,1,916.00,2,600.20,3,068.12
2013-12-30,1,910.45,2,610.69,3,083.65
2013-12-31,1,937.25,2,627.06,3,087.46
2014-01-02,1,930.30,2,643.03,3,111.32
2014-01-03,1,906.36,2,625.68,3,091.92
2014-01-06,1,867.29,2,551.59,3,008.75
2014-01-07,1,866.54,2,568.91,3,030.54
2014-01-08,1,873.34,2,585.13,3,042.30
2014-01-09,1,857.06,2,557.55,2,997.66
2014-01-10,1,844.41,2,517.06,2,942.44
2014-01-13,1,836.28,2,502.43,2,933.06
2014-01-14,1,850.01,2,550.40,2,996.59
2014-01-15,1,846.16,2,568.81,3,018.59
2014-01-16,1,846.29,2,573.65,3,018.05
2014-01-17,1,820.75,2,539.64,2,986.01
2014-01-20,1,808.12,2,516.71,2,970.35
2014-01-21,1,826.07,2,555.10,3,014.84
2014-01-22,1,871.51,2,624.53,3,087.35
2014-01-23,1,862.00,2,642.03,3,108.05
2014-01-24,1,870.59,2,682.54,3,153.01
2014-01-27,1,844.86,2,671.91,3,146.34
2014-01-28,1,847.84,2,667.09,3,142.62
2014-01-29,1,853.94,2,694.32,3,178.26
2014-01-30,1,833.14,2,676.75,3,164.66
2014-02-07,1,838.68,2,724.72,3,228.25
2014-02-10,1,881.03,2,803.22,3,317.77
2014-02-11,1,896.80,2,798.16,3,325.83
2014-02-12,1,901.27,2,818.35,3,367.60
2014-02-13,1,893.34,2,770.94,3,310.02
2014-02-14,1,904.40,2,818.05,3,371.69
2014-02-17,1,913.58,2,874.88,3,443.98
2014-02-18,1,887.00,2,864.97,3,445.27
2014-02-19,1,911.95,2,863.33,3,448.11
2014-02-20,1,894.94,2,820.62,3,396.95
2014-02-21,1,875.42,2,805.38,3,381.11
2014-02-24,1,834.42,2,783.70,3,387.97
2014-02-25,1,789.90,2,684.59,3,258.36
2014-02-26,1,792.31,2,696.98,3,282.34
2014-02-27,1,786.75,2,654.28,3,239.77
2014-02-28,1,806.97,2,681.34,3,273.81
2014-03-03,1,813.94,2,730.67,3,345.71
2014-03-04,1,810.18,2,719.74,3,352.36
2014-03-05,1,792.30,2,701.27,3,349.44
2014-03-06,1,800.06,2,699.66,3,349.01
2014-03-07,1,796.62,2,690.18,3,338.58
2014-03-10,1,740.51,2,591.76,3,209.64
2014-03-11,1,748.98,2,594.25,3,205.34
2014-03-12,1,755.25,2,592.52,3,195.58
2014-03-13,1,778.52,2,625.90,3,235.21
2014-03-14,1,763.76,2,616.17,3,220.36
2014-03-17,1,778.05,2,667.21,3,293.68
2014-03-18,1,771.52,2,679.78,3,312.89
2014-03-19,1,752.77,2,669.64,3,315.57
2014-03-20,1,725.74,2,602.36,3,227.02
2014-03-21,1,785.77,2,652.70,3,284.90
2014-03-24,1,798.23,2,670.56,3,301.88
2014-03-25,1,795.15,2,672.91,3,302.78
2014-03-26,1,793.44,2,676.61,3,314.95
2014-03-27,1,781.00,2,632.40,3,261.94
2014-03-28,1,779.39,2,581.72,3,187.68
2014-03-31,1,774.84,2,567.14,3,162.52
2014-04-01,1,788.36,2,601.89,3,213.45
2014-04-02,1,802.35,2,601.32,3,205.65
2014-04-03,1,789.29,2,592.96,3,202.11
2014-04-04,1,806.78,2,621.63,3,238.83
2014-04-08,1,851.77,2,657.54,3,260.91
2014-04-09,1,851.77,2,679.34,3,291.84
2014-04-10,1,884.12,2,695.92,3,303.17
2014-04-11,1,881.06,2,684.51,3,288.26
2014-04-14,1,878.78,2,695.45,3,313.57
2014-04-15,1,844.25,2,672.16,3,296.41
2014-04-16,1,847.01,2,666.72,3,300.25
2014-04-17,1,840.18,2,664.88,3,299.42
2014-04-18,1,840.16,2,672.27,3,312.14
2014-04-21,1,808.76,2,635.06,3,258.55
2014-04-22,1,817.95,2,618.14,3,236.55
2014-04-23,1,816.77,2,604.25,3,225.75
2014-04-24,1,813.63,2,582.54,3,188.95
2014-04-25,1,794.72,2,535.22,3,120.40
2014-04-28,1,768.88,2,463.26,3,022.24
2014-04-29,1,788.55,2,496.01,3,059.22
2014-04-30,1,790.57,2,513.86,3,084.07
2014-05-05,1,788.14,2,534.95,3,111.96
2014-05-06,1,790.07,2,544.61,3,131.98
2014-05-07,1,773.44,2,505.46,3,078.37
2014-05-08,1,771.88,2,502.74,3,081.74
2014-05-09,1,770.45,2,482.49,3,048.66
2014-05-12,1,806.23,2,546.07,3,122.38
2014-05-13,1,802.75,2,538.03,3,120.79
2014-05-14,1,800.09,2,539.26,3,117.32
2014-05-15,1,778.36,2,489.94,3,060.82
2014-05-16,1,779.24,2,477.93,3,054.97
2014-05-19,1,752.74,2,460.28,3,040.73
2014-05-20,1,753.82,2,464.85,3,051.71
2014-05-21,1,769.93,2,487.99,3,078.79
2014-05-22,1,766.39,2,489.02,3,079.19
2014-05-23,1,781.15,2,516.68,3,111.43
2014-05-26,1,786.74,2,545.67,3,148.82
2014-05-27,1,779.45,2,531.20,3,138.76
2014-05-28,1,797.58,2,567.66,3,176.18
2014-05-29,1,786.69,2,538.37,3,142.24
2014-05-30,1,787.36,2,547.09,3,147.70
2014-06-03,1,782.87,2,537.03,3,142.82
2014-06-04,1,766.86,2,512.94,3,117.51
2014-06-05,1,787.10,2,544.97,3,152.66
2014-06-06,1,773.12,2,535.92,3,143.19
2014-06-09,1,772.39,2,522.04,3,123.72
2014-06-10,1,795.45,2,552.65,3,161.93
2014-06-11,1,794.94,2,563.54,3,181.05
2014-06-12,1,788.88,2,557.68,3,177.21
2014-06-13,1,808.53,2,582.58,3,212.65
2014-06-16,1,822.96,2,594.32,3,233.25
2014-06-17,1,803.90,2,568.05,3,208.28
2014-06-18,1,795.84,2,553.82,3,186.80
2014-06-19,1,770.27,2,488.89,3,097.05
2014-06-20,1,777.50,2,507.82,3,126.16
2014-06-23,1,773.70,2,528.43,3,156.84
2014-06-24,1,781.48,2,544.25,3,179.52
2014-06-25,1,770.91,2,532.61,3,160.09
2014-06-26,1,782.69,2,561.19,3,204.46
2014-06-27,1,781.30,2,574.38,3,231.08
2014-06-30,1,792.45,2,601.80,3,263.15
2014-07-01,1,790.34,2,617.45,3,286.02
2014-07-02,1,794.94,2,634.60,3,305.88
2014-07-03,1,800.79,2,656.70,3,335.45
2014-07-04,1,799.97,2,647.18,3,328.40
2014-07-07,1,797.09,2,641.93,3,332.25
2014-07-08,1,800.17,2,657.32,3,357.51
2014-07-09,1,774.18,2,613.78,3,309.22
2014-07-10,1,766.72,2,607.15,3,313.74
2014-07-11,1,770.12,2,626.39,3,343.16
2014-07-14,1,789.38,2,655.43,3,390.80
2014-07-15,1,792.14,2,652.38,3,377.49
2014-07-16,1,788.04,2,635.75,3,339.58
2014-07-17,1,777.00,2,613.03,3,328.09
2014-07-18,1,783.50,2,615.64,3,333.94
2014-07-21,1,785.66,2,613.68,3,323.02
2014-07-22,1,806.64,2,648.47,3,369.37
2014-07-23,1,812.00,2,628.34,3,336.03
2014-07-24,1,846.60,2,629.59,3,319.84
2014-07-25,1,865.19,2,656.58,3,349.12
2014-07-28,1,920.03,2,707.59,3,408.15
2014-07-29,1,926.34,2,730.61,3,447.62
2014-07-30,1,918.17,2,735.68,3,465.91
2014-07-31,1,941.75,2,758.38,3,495.14
2014-08-01,1,924.73,2,732.14,3,451.63
2014-08-04,1,962.65,2,774.15,3,501.72
2014-08-05,1,954.56,2,797.48,3,526.00
2014-08-06,1,946.34,2,815.36,3,544.79
2014-08-07,1,917.16,2,786.74,3,513.83
2014-08-08,1,919.82,2,802.32,3,541.24
2014-08-11,1,947.49,2,845.35,3,593.52
2014-08-12,1,937.89,2,860.01,3,615.27
2014-08-13,1,938.97,2,855.30,3,618.55
2014-08-14,1,921.21,2,830.26,3,602.98
2014-08-15,1,940.59,2,860.44,3,645.99
2014-08-18,1,949.70,2,904.07,3,699.89
2014-08-19,1,947.89,2,916.27,3,715.15
2014-08-20,1,939.79,2,912.09,3,712.05
2014-08-21,1,929.77,2,916.72,3,716.16
2014-08-22,1,938.14,2,934.61,3,744.36
2014-08-25,1,919.10,2,913.00,3,713.95
2014-08-26,1,904.85,2,869.47,3,645.85
2014-08-27,1,907.22,2,877.74,3,661.91
2014-08-28,1,893.69,2,851.27,3,629.07
2014-08-29,1,916.09,2,881.87,3,668.80
2014-09-01,1,928.88,2,928.35,3,735.73
2014-09-02,1,953.71,2,970.74,3,792.87
2014-09-03,1,971.61,2,992.97,3,822.13
2014-09-04,1,986.18,3,016.77,3,858.03
2014-09-05,2,004.01,3,030.85,3,873.64
2014-09-09,1,997.17,3,047.04,3,905.28
2014-09-10,1,985.28,3,051.68,3,924.04
2014-09-11,1,976.64,3,053.84,3,913.08
2014-09-12,1,987.19,3,080.49,3,963.04
2014-09-15,1,983.37,3,102.13,4,008.53
2014-09-16,1,948.22,3,000.33,3,873.46
2014-09-17,1,957.80,3,018.38,3,905.95
2014-09-18,1,964.01,3,035.18,3,931.68
2014-09-19,1,975.45,3,059.71,3,972.95
2014-09-22,1,936.62,3,018.88,3,926.63
2014-09-23,1,952.18,3,058.20,3,979.88
2014-09-24,1,985.24,3,101.85,4,032.44
2014-09-25,1,980.07,3,102.40,4,034.62
2014-09-26,1,980.55,3,107.11,4,051.49
2014-09-29,1,986.97,3,133.07,4,094.79
2014-09-30,1,988.03,3,155.06,4,126.73
2014-10-08,2,009.62,3,202.46,4,186.01
2014-10-09,2,012.60,3,211.81,4,201.08
2014-10-10,2,000.58,3,193.61,4,186.94
2014-10-13,1,987.64,3,194.26,4,186.45
2014-10-14,1,980.34,3,185.22,4,173.16
2014-10-15,1,994.55,3,202.53,4,187.85
2014-10-16,1,982.15,3,151.70,4,120.94
2014-10-17,1,981.94,3,127.57,4,075.31
2014-10-20,1,989.78,3,166.73,4,142.41
2014-10-21,1,972.71,3,134.71,4,108.53
2014-10-22,1,963.80,3,098.52,4,060.70
2014-10-23,1,946.17,3,054.56,3,999.58
2014-10-24,1,942.01,3,061.59,4,010.70
2014-10-27,1,920.53,3,075.46,4,052.99
2014-10-28,1,957.04,3,147.65,4,154.98
2014-10-29,1,984.52,3,186.10,4,216.32
2014-10-30,1,998.50,3,190.29,4,213.87
2014-10-31,2,033.40,3,191.28,4,201.36
2014-11-03,2,034.46,3,217.54,4,243.70
2014-11-04,2,030.80,3,211.54,4,216.15
2014-11-05,2,021.62,3,204.06,4,208.90
2014-11-06,2,022.89,3,225.35,4,241.28
2014-11-07,2,024.13,3,196.28,4,197.54
2014-11-10,2,078.54,3,232.29,4,227.11
2014-11-11,2,081.24,3,144.52,4,082.63
2014-11-12,2,106.68,3,202.17,4,148.90
2014-11-13,2,094.96,3,170.79,4,099.91
2014-11-14,2,097.39,3,162.99,4,087.67
2014-11-17,2,081.91,3,192.19,4,142.38
2014-11-18,2,055.97,3,197.92,4,162.06
2014-11-19,2,052.65,3,208.87,4,190.09
2014-11-20,2,052.63,3,199.11,4,183.80
2014-11-21,2,090.99,3,235.82,4,224.78
2014-11-24,2,140.87,3,293.86,4,275.81
2014-11-25,2,168.00,3,352.41,4,340.38
2014-11-26,2,202.79,3,367.99,4,364.04
2014-11-27,2,230.69,3,389.05,4,391.91
2014-11-28,2,283.40,3,391.94,4,389.65
2014-12-01,2,293.86,3,376.20,4,339.44
2014-12-02,2,385.43,3,426.65,4,391.05
2014-12-03,2,418.73,3,482.78,4,437.46
2014-12-04,2,534.57,3,573.21,4,510.47
2014-12-05,2,558.60,3,520.52,4,405.02
2014-12-08,2,666.16,3,583.63,4,436.97
2014-12-09,2,541.27,3,442.38,4,241.29
2014-12-10,2,630.88,3,578.49,4,386.48
2014-12-11,2,590.07,3,613.38,4,460.78
2014-12-12,2,594.63,3,652.05,4,500.76
2014-12-15,2,609.36,3,709.89,4,571.39
2014-12-16,2,689.15,3,734.24,4,563.95
2014-12-17,2,750.00,3,701.06,4,510.57
2014-12-18,2,737.98,3,695.71,4,507.26
2014-12-19,2,770.19,3,689.93,4,450.66
2014-12-22,2,797.66,3,567.06,4,243.85
2014-12-23,2,742.39,3,479.29,4,175.38
2014-12-24,2,653.89,3,497.15,4,259.52
2014-12-25,2,744.97,3,571.18,4,318.91
2014-12-26,2,842.89,3,625.10,4,340.64
2014-12-29,2,854.61,3,589.48,4,276.57
2014-12-30,2,866.81,3,518.04,4,200.19
2014-12-31,2,932.74,3,561.12,4,231.92
2015-01-05,3,025.83,3,631.14,4,277.84
2015-01-06,3,021.69,3,685.39,4,340.78
2015-01-07,3,028.14,3,677.88,4,342.54
2015-01-08,2,952.11,3,649.30,4,325.66
2015-01-09,2,945.71,3,623.28,4,291.83
2015-01-12,2,921.57,3,583.93,4,231.00
2015-01-13,2,916.63,3,629.11,4,302.56
2015-01-14,2,909.45,3,605.32,4,283.79
2015-01-15,3,003.70,3,644.31,4,319.71
2015-01-16,3,029.33,3,700.20,4,369.67
2015-01-19,2,784.50,3,534.77,4,229.08
2015-01-20,2,807.18,3,666.10,4,388.24
2015-01-21,2,943.47,3,762.11,4,485.16
2015-01-22,2,955.08,3,810.81,4,559.53
2015-01-23,2,963.65,3,766.04,4,518.67
2015-01-26,2,979.92,3,851.09,4,618.35
2015-01-27,2,948.72,3,860.03,4,647.50
2015-01-28,2,904.84,3,835.97,4,626.37
2015-01-29,2,865.31,3,806.43,4,600.09
2015-01-30,2,826.85,3,759.03,4,547.18
2015-02-02,2,757.93,3,730.23,4,534.38
2015-02-03,2,830.41,3,796.60,4,617.19
2015-02-04,2,801.04,3,777.52,4,610.01
2015-02-05,2,772.85,3,756.38,4,593.51
2015-02-06,2,728.78,3,674.68,4,499.55
2015-02-09,2,762.12,3,648.61,4,472.01
2015-02-10,2,812.42,3,715.19,4,527.52
2015-02-11,2,833.03,3,762.77,4,581.49
2015-02-12,2,839.44,3,787.80,4,616.17
2015-02-13,2,861.15,3,850.45,4,689.77
2015-02-16,2,880.16,3,934.26,4,783.58
2015-02-17,2,900.35,3,966.38,4,813.22
2015-02-25,2,860.00,3,953.89,4,808.27
2015-02-26,2,934.02,4,004.68,4,842.92
2015-02-27,2,936.57,4,045.41,4,899.74
2015-03-02,2,955.05,4,132.26,5,013.64
2015-03-03,2,870.00,4,102.85,4,992.15
2015-03-04,2,882.31,4,169.52,5,075.46
2015-03-05,2,849.15,4,163.77,5,098.20
2015-03-06,2,838.28,4,098.43,5,036.97
2015-03-09,2,890.10,4,151.21,5,104.88
2015-03-10,2,872.70,4,197.21,5,171.26
2015-03-11,2,878.70,4,181.10,5,169.69
2015-03-12,2,942.80,4,179.39,5,151.09
2015-03-13,2,961.72,4,231.27,5,227.60
2015-03-16,3,032.57,4,360.94,5,394.21
2015-03-17,3,074.45,4,415.41,5,465.77
2015-03-18,3,147.00,4,495.00,5,569.24
2015-03-19,3,138.79,4,522.58,5,612.84
2015-03-20,3,183.37,4,574.53,5,671.92
2015-03-23,3,245.77,4,696.66,5,825.22
2015-03-24,3,241.39,4,746.99,5,876.03
2015-03-25,3,207.79,4,787.24,5,947.57
2015-03-26,3,221.56,4,730.32,5,866.77
2015-03-27,3,233.85,4,783.43,5,934.00
2015-03-30,3,335.62,4,833.15,5,972.71
2015-03-31,3,304.80,4,828.31,5,999.05
2015-04-01,3,363.84,4,934.52,6,146.94
2015-04-02,3,356.61,5,014.25,6,285.71
2015-04-03,3,391.88,5,080.34,6,394.23
2015-04-07,3,468.71,5,180.97,6,526.68
2015-04-08,3,510.78,5,117.18,6,440.78
2015-04-09,3,484.76,5,076.50,6,373.13
2015-04-10,3,547.90,5,206.66,6,538.30
2015-04-13,3,603.35,5,314.01,6,688.34
2015-04-14,3,616.05,5,316.28,6,686.58
2015-04-15,3,577.18,5,114.39,6,433.72
2015-04-16,3,694.34,5,187.73,6,511.61
2015-04-17,3,769.07,5,243.93,6,541.99
2015-04-20,3,710.22,5,165.28,6,408.87
2015-04-21,3,791.59,5,336.16,6,642.53
2015-04-22,3,896.46,5,465.13,6,831.10
2015-04-23,3,892.51,5,521.08,6,908.39
2015-04-24,3,859.78,5,523.65,6,909.67
2015-04-27,3,959.62,5,578.45,6,952.40
2015-04-28,3,927.54,5,389.48,6,745.74
2015-04-29,3,946.04,5,495.66,6,909.13
2015-04-30,3,925.35,5,509.65,6,941.51
2015-05-04,3,949.18,5,562.28,7,005.40
2015-05-05,3,791.73,5,351.49,6,795.77
2015-05-06,3,756.80,5,298.90,6,736.95
2015-05-07,3,689.44,5,169.88,6,619.48
2015-05-08,3,753.58,5,365.49,6,906.21
2015-05-11,3,859.01,5,604.11,7,216.21
2015-05-12,3,910.40,5,721.86,7,376.69
2015-05-13,3,871.70,5,761.82,7,451.66
2015-05-14,3,851.85,5,754.15,7,487.19
2015-05-15,3,776.88,5,703.85,7,470.47
2015-05-18,3,728.14,5,813.94,7,643.93
2015-05-19,3,853.07,5,967.74,7,820.55
2015-05-20,3,864.38,6,074.51,7,982.33
2015-05-21,3,925.27,6,280.19,8,289.00
2015-05-22,4,033.50,6,343.06,8,396.19
2015-05-25,4,156.39,6,479.27,8,582.72
2015-05-26,4,231.00,6,694.40,8,896.81
2015-05-27,4,198.45,6,757.60,9,033.04
2015-05-28,3,918.34,6,330.34,8,517.31
2015-05-29,3,916.71,6,403.10,8,613.74
2015-06-01,4,102.01,6,748.92,9,058.63
2015-06-02,4,151.74,6,996.41,9,415.37
2015-06-03,4,132.49,7,029.51,9,472.33
2015-06-04,4,170.65,7,021.91,9,451.57
2015-06-05,4,206.27,7,122.28,9,600.89
2015-06-08,4,321.70,7,046.96,9,422.92
2015-06-09,4,287.22,7,054.05,9,436.00
2015-06-10,4,263.37,7,168.24,9,642.73
2015-06-11,4,241.07,7,274.13,9,835.73
2015-06-12,4,257.52,7,371.02,10,009.88
2015-06-15,4,164.24,7,225.67,9,829.65
2015-06-16,4,049.98,6,937.37,9,426.94
2015-06-17,4,108.03,7,064.10,9,635.44
2015-06-18,3,940.71,6,802.26,9,322.14
2015-06-19,3,713.93,6,343.66,8,701.01
2015-06-23,3,842.03,6,421.10,8,729.56
2015-06-24,3,917.36,6,555.89,8,921.73
2015-06-25,3,786.58,6,291.92,8,562.88
2015-06-26,3,496.86,5,752.38,7,873.56
2015-06-29,3,399.40,5,381.92,7,338.24
2015-06-30,3,633.09,5,675.41,7,673.28
2015-07-01,3,456.88,5,394.56,7,227.36
2015-07-02,3,353.55,5,066.60,6,718.80
2015-07-03,3,168.69,4,798.97,6,280.01
2015-07-06,3,284.10,4,697.81,6,019.74
2015-07-07,3,243.06,4,417.00,5,648.26
2015-07-08,3,016.43,4,288.91,5,493.71
2015-07-09,3,215.53,4,451.54,5,697.16
2015-07-10,3,387.58,4,647.23,5,933.07
2015-07-13,3,459.51,4,910.15,6,262.42
2015-07-14,3,361.17,5,015.01,6,447.15
2015-07-15,3,252.20,4,757.47,6,121.29
2015-07-16,3,268.50,4,853.45,6,220.28
2015-07-17,3,390.41,5,108.03,6,563.81
2015-07-20,3,393.29,5,193.44,6,735.88
2015-07-21,3,392.24,5,260.37,6,873.35
2015-07-22,3,380.59,5,322.28,6,983.71
2015-07-23,3,453.17,5,462.98,7,211.97
2015-07-24,3,389.45,5,397.90,7,129.20
2015-07-27,3,090.72,5,014.08,6,621.52
2015-07-28,3,085.92,4,907.23,6,406.52
2015-07-29,3,176.31,5,127.37,6,708.78
2015-07-30,3,084.30,4,970.52,6,528.60
2015-07-31,3,084.10,4,911.48,6,405.49
2015-08-03,3,093.59,4,786.27,6,143.51
2015-08-04,3,183.91,5,033.08,6,502.55
2015-08-05,3,116.65,4,958.58,6,461.59
2015-08-06,3,087.47,4,909.78,6,445.42
2015-08-07,3,144.70,5,061.44,6,661.63
2015-08-10,3,290.70,5,303.70,6,992.85
2015-08-11,3,277.49,5,313.44,7,049.07
2015-08-12,3,236.01,5,242.81,6,955.43
2015-08-13,3,281.37,5,367.86,7,133.63
2015-08-14,3,279.22,5,394.63,7,189.93
2015-08-17,3,271.34,5,480.65,7,342.18
2015-08-18,3,069.69,5,099.91,6,805.22
2015-08-19,3,114.26,5,219.74,6,962.81
2015-08-20,3,013.70,5,057.95,6,723.15
2015-08-21,2,879.62,4,802.96,6,340.49
2015-08-24,2,622.11,4,432.71,5,848.81
2015-08-25,2,434.24,4,109.63,5,414.97
2015-08-26,2,423.25,3,955.78,5,199.45
2015-08-27,2,572.49,4,096.53,5,375.89
2015-08-28,2,679.98,4,332.11,5,704.01
2015-08-31,2,704.07,4,211.88,5,484.83
2015-09-01,2,709.42,4,003.58,5,136.20
2015-09-02,2,715.26,3,934.58,5,002.49
2015-09-07,2,616.54,3,942.16,5,065.79
2015-09-08,2,683.94,4,082.46,5,282.08
2015-09-09,2,735.19,4,205.67,5,468.94
2015-09-10,2,703.58,4,129.41,5,393.15
2015-09-11,2,692.53,4,154.24,5,452.58
2015-09-14,2,653.48,3,889.46,5,073.90
2015-09-15,2,554.75,3,680.86,4,795.84
2015-09-16,2,675.74,3,925.49,5,111.81
2015-09-17,2,618.39,3,854.99,5,034.63
2015-09-18,2,628.34,3,900.66,5,106.26
2015-09-21,2,670.29,4,042.00,5,292.97
2015-09-22,2,696.52,4,065.64,5,318.48
2015-09-23,2,631.13,4,024.46,5,266.48
2015-09-24,2,648.58,4,071.63,5,343.16
2015-09-25,2,608.81,3,934.59,5,164.42
2015-09-28,2,613.93,4,014.80,5,279.21
2015-09-29,2,563.00,3,935.84,5,195.53
2015-09-30,2,583.96,3,942.58,5,205.10
2015-10-08,2,657.49,4,102.16,5,423.63
2015-10-09,2,692.07,4,159.53,5,509.72
2015-10-12,2,780.41,4,316.84,5,735.59
2015-10-13,2,776.97,4,357.23,5,815.20
2015-10-14,2,747.68,4,304.02,5,737.42
2015-10-15,2,811.10,4,436.99,5,916.13
2015-10-16,2,848.33,4,508.63,6,009.58
2015-10-19,2,849.09,4,504.06,6,006.42
2015-10-20,2,881.40,4,588.78,6,117.90
2015-10-21,2,809.43,4,301.21,5,734.70
2015-10-22,2,842.07,4,469.09,5,960.37
2015-10-23,2,871.13,4,595.49,6,138.45
2015-10-26,2,885.46,4,621.60,6,179.66
2015-10-27,2,886.72,4,654.29,6,219.14
2015-10-28,2,833.32,4,530.72,6,076.66
2015-10-29,2,838.46,4,561.72,6,129.69
2015-10-30,2,841.65,4,548.13,6,108.03
2015-11-02,2,795.46,4,442.12,5,961.62
2015-11-03,2,786.30,4,427.39,5,945.57
2015-11-04,2,918.97,4,646.52,6,253.34
2015-11-05,2,991.12,4,647.22,6,256.77
2015-11-06,3,065.47,4,756.70,6,404.51
2015-11-09,3,107.04,4,830.39,6,501.22
2015-11-10,3,099.31,4,849.37,6,550.59
2015-11-11,3,095.12,4,921.48,6,660.61
2015-11-12,3,058.82,4,915.68,6,687.66
2015-11-13,3,023.98,4,812.27,6,558.89
2015-11-16,3,034.84,4,902.90,6,707.61
2015-11-17,3,032.48,4,850.63,6,654.71
2015-11-18,3,001.87,4,766.56,6,543.63
2015-11-19,3,047.22,4,890.73,6,727.83
2015-11-20,3,040.57,4,952.30,6,836.67
2015-11-23,3,019.66,4,914.09,6,777.89
2015-11-24,3,020.93,4,941.52,6,838.62
2015-11-25,3,041.76,5,021.03,6,969.30
2015-11-26,3,024.68,4,983.51,6,924.40
2015-11-27,2,861.36,4,670.13,6,471.59
2015-11-30,2,864.63,4,686.21,6,510.14
2015-12-01,2,881.46,4,707.55,6,498.61
2015-12-02,2,997.65,4,694.51,6,437.37
2015-12-03,3,016.69,4,792.30,6,600.30
2015-12-04,2,955.03,4,745.93,6,574.33
2015-12-07,2,958.51,4,804.45,6,656.49
2015-12-08,2,907.22,4,694.77,6,506.79
2015-12-09,2,917.53,4,675.18,6,489.54
2015-12-10,2,909.48,4,670.58,6,476.44
2015-12-11,2,900.81,4,631.28,6,430.97
2015-12-14,2,984.18,4,725.90,6,553.14
2015-12-15,2,965.64,4,762.78,6,632.61
2015-12-16,2,958.77,4,775.92,6,671.92
2015-12-17,3,011.24,4,894.27,6,846.90
2015-12-18,3,020.48,4,875.32,6,833.17
2015-12-21,3,102.30,4,940.14,6,892.13
2015-12-22,3,106.78,4,984.65,6,957.44
2015-12-23,3,102.17,4,915.40,6,866.92
2015-12-24,3,071.25,4,899.25,6,849.17
2015-12-25,3,078.96,4,916.71,6,901.14
2015-12-28,2,991.22,4,803.74,6,746.53
2015-12-29,3,019.21,4,835.84,6,825.85
2015-12-30,3,021.85,4,872.12,6,909.21
2015-12-31,2,996.65,4,793.96,6,797.64
2016-01-04,2,792.04,4,384.95,6,216.70
2016-01-05,2,803.05,4,311.31,6,100.72
2016-01-06,2,850.07,4,417.96,6,271.31
2016-01-07,2,660.47,4,040.42,5,717.50
2016-01-08,2,715.02,4,095.27,5,768.54
2016-01-11,2,584.91,3,810.56,5,352.87
2016-01-12,2,602.66,3,829.19,5,348.35
2016-01-13,2,555.91,3,699.51,5,133.78
2016-01-14,2,603.29,3,834.95,5,332.45
2016-01-15,2,522.77,3,694.75,5,133.43
2016-01-18,2,530.20,3,755.57,5,236.53
2016-01-19,2,605.11,3,890.40,5,439.56
2016-01-20,2,565.09,3,844.95,5,392.17
2016-01-21,2,493.03,3,687.61,5,154.82
2016-01-22,2,517.64,3,744.85,5,243.50
2016-01-25,2,526.32,3,784.37,5,306.54
2016-01-26,2,375.17,3,509.59,4,893.63
2016-01-27,2,365.88,3,482.82,4,833.42
2016-01-28,2,307.03,3,338.87,4,600.63
2016-01-29,2,381.86,3,467.71,4,780.95
2016-02-01,2,341.52,3,434.77,4,716.98
2016-02-02,2,388.62,3,548.04,4,895.61
2016-02-03,2,377.06,3,562.97,4,924.09
2016-02-04,2,406.35,3,628.97,5,029.95
2016-02-05,2,387.80,3,593.33,4,977.96
2016-02-15,2,370.80,3,601.79,4,979.70
2016-02-16,2,444.15,3,742.68,5,197.39
2016-02-17,2,463.98,3,783.76,5,277.77
2016-02-18,2,455.88,3,771.39,5,259.16
2016-02-19,2,452.86,3,787.23,5,286.69
2016-02-22,2,507.51,3,865.68,5,397.27
2016-02-23,2,480.68,3,839.14,5,367.75
2016-02-24,2,497.57,3,855.21,5,390.04
2016-02-25,2,350.59,3,559.34,4,957.99
2016-02-26,2,374.37,3,566.04,4,956.18
2016-02-29,2,324.10,3,383.42,4,654.97
2016-03-01,2,364.29,3,464.78,4,757.54
2016-03-02,2,457.92,3,639.05,5,000.67
2016-03-03,2,462.81,3,647.57,5,017.23
2016-03-04,2,500.72,3,550.62,4,845.94
2016-03-07,2,504.41,3,623.41,4,967.15
2016-03-08,2,507.28,3,631.67,4,996.37
2016-03-09,2,483.76,3,543.16,4,874.01
2016-03-10,2,435.61,3,483.12,4,795.59
2016-03-11,2,442.04,3,475.32,4,784.55
2016-03-14,2,475.24,3,595.69,4,962.38
2016-03-15,2,487.33,3,559.97,4,921.59
2016-03-16,2,504.01,3,518.89,4,859.76
2016-03-17,2,526.44,3,640.61,5,035.54
2016-03-18,2,561.44,3,770.24,5,227.56
2016-03-21,2,628.19,3,863.44,5,371.17
2016-03-22,2,607.83,3,847.03,5,358.31
2016-03-23,2,618.46,3,874.64,5,412.05
2016-03-24,2,574.09,3,816.88,5,323.20
2016-03-25,2,585.08,3,838.97,5,375.07
2016-03-28,2,560.24,3,817.01,5,345.35
2016-03-29,2,535.99,3,746.45,5,234.02
2016-03-30,2,599.20,3,880.63,5,428.66
2016-03-31,2,600.10,3,887.96,5,428.34
2016-04-01,2,601.69,3,871.89,5,391.76
2016-04-05,2,633.21,3,971.93,5,540.54
2016-04-06,2,625.24,3,987.28,5,576.03
2016-04-07,2,586.37,3,921.75,5,487.34
2016-04-08,2,566.72,3,886.57,5,436.32
2016-04-11,2,600.42,3,967.38,5,565.83
2016-04-12,2,590.72,3,938.79,5,519.10
2016-04-13,2,624.91,3,997.62,5,603.78
2016-04-14,2,636.00,4,031.14,5,661.89
2016-04-15,2,634.84,4,015.90,5,657.65
2016-04-18,2,598.74,3,950.90,5,567.86
2016-04-19,2,605.77,3,964.12,5,596.82
2016-04-20,2,565.02,3,791.94,5,328.51
2016-04-21,2,547.43,3,755.22,5,269.40
2016-04-22,2,560.19,3,777.48,5,314.05
2016-04-25,2,548.36,3,758.83,5,283.51
2016-04-26,2,561.26,3,796.42,5,347.71
2016-04-27,2,549.49,3,783.19,5,329.92
2016-04-28,2,546.28,3,770.60,5,307.90
2016-04-29,2,542.18,3,765.30,5,305.14
2016-05-03,2,586.05,3,872.04,5,473.98
2016-05-04,2,582.23,3,871.28,5,478.74
2016-05-05,2,584.39,3,890.55,5,517.56
2016-05-06,2,518.53,3,749.09,5,300.19
2016-05-09,2,468.26,3,620.13,5,092.22
2016-05-10,2,472.09,3,615.90,5,081.04
2016-05-11,2,482.10,3,606.50,5,050.93
2016-05-12,2,490.57,3,601.23,5,059.28
2016-05-13,2,477.23,3,588.01,5,049.64
2016-05-16,2,491.71,3,642.25,5,143.08
2016-05-17,2,484.26,3,638.66,5,136.02
2016-05-18,2,472.91,3,548.59,4,984.96
2016-05-19,2,466.92,3,567.62,5,020.49
2016-05-20,2,480.63,3,598.83,5,079.72
2016-05-23,2,486.58,3,638.61,5,162.42
2016-05-24,2,467.52,3,602.90,5,097.39
2016-05-25,2,465.38,3,587.06,5,077.67
2016-05-26,2,468.93,3,600.21,5,108.36
2016-05-27,2,466.17,3,594.81,5,103.06
2016-05-30,2,471.82,3,577.10,5,072.55
2016-05-31,2,556.52,3,719.97,5,288.24
2016-06-01,2,547.14,3,736.97,5,328.35
2016-06-02,2,552.61,3,757.93,5,384.35
2016-06-03,2,570.95,3,779.36,5,396.28
2016-06-06,2,561.09,3,788.68,5,414.23
2016-06-07,2,560.21,3,784.02,5,418.02
2016-06-08,2,550.99,3,771.02,5,404.72
2016-06-13,2,475.27,3,602.41,5,150.46
2016-06-14,2,484.21,3,606.70,5,173.26
2016-06-15,2,514.17,3,712.36,5,349.61
2016-06-16,2,496.28,3,695.28,5,348.98
2016-06-17,2,508.70,3,716.50,5,384.04
2016-06-20,2,510.78,3,719.59,5,411.49
2016-06-21,2,507.41,3,683.38,5,342.42
2016-06-22,2,528.50,3,736.73,5,437.37
2016-06-23,2,515.48,3,722.41,5,414.23
2016-06-24,2,481.12,3,682.86,5,360.14
2016-06-27,2,512.87,3,768.25,5,492.13
2016-06-28,2,523.70,3,809.41,5,540.43
2016-06-29,2,537.59,3,815.80,5,551.58
2016-06-30,2,540.17,3,820.16,5,543.90
2016-07-01,2,542.29,3,807.89,5,533.54
2016-07-04,2,589.05,3,882.24,5,643.15
2016-07-05,2,594.42,3,905.75,5,664.88
2016-07-06,2,600.17,3,923.24,5,692.73
2016-07-07,2,597.68,3,929.78,5,701.05
2016-07-08,2,581.66,3,919.00,5,686.63
2016-07-11,2,591.85,3,926.47,5,663.22
2016-07-12,2,649.34,3,983.90,5,721.74
2016-07-13,2,654.05,4,023.00,5,766.09
2016-07-14,2,649.01,4,024.69,5,775.82
2016-07-15,2,649.64,4,014.27,5,746.71
2016-07-18,2,638.43,3,996.85,5,719.78
2016-07-19,2,625.03,4,007.30,5,751.43
2016-07-20,2,615.66,4,002.13,5,741.97
2016-07-21,2,628.28,4,019.61,5,744.78
2016-07-22,2,602.83,3,991.87,5,698.33
2016-07-25,2,602.63,4,003.10,5,701.11
2016-07-26,2,634.41,4,053.59,5,767.70
2016-07-27,2,600.03,3,897.99,5,507.13
2016-07-28,2,600.79,3,900.46,5,493.97
2016-07-29,2,590.53,3,872.44,5,452.00
2016-08-01,2,571.47,3,816.10,5,365.69
2016-08-02,2,577.40,3,849.45,5,417.83
2016-08-03,2,578.14,3,863.17,5,442.33
2016-08-04,2,578.84,3,886.43,5,484.23
2016-08-05,2,578.71,3,874.15,5,449.85
2016-08-08,2,596.56,3,926.13,5,515.56
2016-08-09,2,613.92,3,964.96,5,569.67
2016-08-10,2,603.60,3,952.45,5,553.27
2016-08-11,2,601.22,3,898.19,5,461.21
2016-08-12,2,648.46,3,939.74,5,516.65
2016-08-15,2,724.49,4,038.16,5,641.44
2016-08-16,2,702.02,4,053.36,5,677.19
2016-08-17,2,700.42,4,061.78,5,700.47
2016-08-18,2,691.74,4,057.95,5,704.68
2016-08-19,2,694.54,4,063.96,5,716.58
2016-08-22,2,671.51,4,015.86,5,645.72
2016-08-23,2,676.25,4,016.27,5,654.59
2016-08-24,2,667.93,4,019.19,5,668.79
2016-08-25,2,654.10,3,983.10,5,626.56
2016-08-26,2,652.18,3,995.94,5,653.05
2016-08-29,2,650.11,4,005.30,5,663.81
2016-08-30,2,656.12,4,001.93,5,662.46
2016-08-31,2,663.17,4,008.53,5,660.87
2016-09-01,2,645.76,3,978.16,5,614.60
2016-09-02,2,657.21,3,962.70,5,585.99
2016-09-05,2,662.27,3,981.79,5,610.33
2016-09-06,2,678.20,4,038.96,5,702.35
2016-09-07,2,676.69,4,036.05,5,700.05
2016-09-08,2,674.50,4,041.61,5,722.47
2016-09-09,2,659.91,4,012.32,5,680.28
2016-09-12,2,617.93,3,901.85,5,505.79
2016-09-13,2,613.44,3,917.71,5,543.46
2016-09-14,2,595.52,3,895.88,5,512.45
2016-09-19,2,615.05,3,933.97,5,572.40
2016-09-20,2,609.20,3,929.42,5,569.40
2016-09-21,2,612.93,3,938.66,5,578.56
2016-09-22,2,627.21,3,959.38,5,604.62
2016-09-23,2,618.27,3,945.22,5,582.07
2016-09-26,2,577.77,3,864.96,5,458.51
2016-09-27,2,593.02,3,891.47,5,496.98
2016-09-28,2,583.33,3,886.30,5,483.37
2016-09-29,2,594.64,3,896.81,5,495.47
2016-09-30,2,601.68,3,912.69,5,522.35
2016-10-10,2,631.81,3,986.00,5,638.37
2016-10-11,2,640.89,4,003.32,5,674.62
2016-10-12,2,632.79,4,001.76,5,674.58
2016-10-13,2,634.50,4,000.63,5,680.53
2016-10-14,2,637.45,3,989.96,5,672.69
2016-10-17,2,617.45,3,958.88,5,616.85
2016-10-18,2,652.40,4,015.36,5,702.64
2016-10-19,2,648.82,4,005.67,5,688.89
2016-10-20,2,651.24,4,012.88,5,707.81
2016-10-21,2,663.08,3,996.71,5,678.00
2016-10-24,2,696.47,4,035.18,5,720.81
2016-10-25,2,696.42,4,047.39,5,741.36
2016-10-26,2,684.72,4,029.28,5,711.76
2016-10-27,2,677.57,4,019.40,5,711.88
2016-10-28,2,676.59,3,985.03,5,659.05
2016-10-31,2,671.70,3,987.42,5,650.15
2016-11-01,2,687.89,4,018.03,5,706.60
2016-11-02,2,667.51,3,985.85,5,661.12
2016-11-03,2,693.00,4,009.20,5,686.31
2016-11-04,2,686.65,3,990.84,5,667.35
2016-11-07,2,689.47,3,997.77,5,662.14
2016-11-08,2,700.06,4,018.91,5,693.98
2016-11-09,2,680.02,3,990.11,5,649.59
2016-11-10,2,707.20,4,040.91,5,721.59
2016-11-11,2,730.54,4,072.18,5,755.18
2016-11-14,2,742.52,4,090.65,5,778.98
2016-11-15,2,738.91,4,102.25,5,804.89
2016-11-16,2,738.57,4,109.97,5,810.43
2016-11-17,2,743.35,4,100.59,5,796.63
2016-11-18,2,725.47,4,076.51,5,778.51
2016-11-21,2,746.51,4,079.64,5,793.56
2016-11-22,2,769.49,4,113.10,5,840.77
2016-11-23,2,779.15,4,093.00,5,804.44
2016-11-24,2,790.45,4,093.17,5,774.58
2016-11-25,2,816.61,4,113.98,5,792.42
2016-11-28,2,831.04,4,131.38,5,796.27
2016-11-29,2,859.36,4,108.79,5,742.22
2016-11-30,2,835.92,4,089.20,5,729.50
2016-12-01,2,859.99,4,112.85,5,755.87
2016-12-02,2,832.51,4,052.03,5,664.00
2016-12-05,2,784.98,4,024.59,5,632.17
2016-12-06,2,777.28,4,021.33,5,636.07
2016-12-07,2,789.00,4,058.51,5,694.16
2016-12-08,2,786.79,4,040.39,5,659.20
2016-12-09,2,808.78,4,029.80,5,640.67
2016-12-12,2,754.41,3,865.08,5,371.33
2016-12-13,2,747.79,3,885.06,5,390.24
2016-12-14,2,729.89,3,853.31,5,351.80
2016-12-15,2,692.27,3,867.72,5,395.35
2016-12-16,2,694.43,3,891.36,5,438.08
2016-12-19,2,681.41,3,884.61,5,431.50
2016-12-20,2,666.70,3,869.18,5,422.40
2016-12-21,2,690.31,3,902.34,5,456.69
2016-12-22,2,686.10,3,899.51,5,458.07
2016-12-23,2,665.98,3,864.00,5,400.23
2016-12-26,2,678.53,3,869.22,5,417.87
2016-12-27,2,670.54,3,864.43,5,417.46
2016-12-28,2,660.32,3,848.44,5,399.91
2016-12-29,2,659.54,3,836.52,5,380.39
2016-12-30,2,673.51,3,839.26,5,383.95
2017-01-03,2,701.77,3,865.40,5,427.46
2017-01-04,2,722.47,3,902.65,5,492.83
2017-01-05,2,722.25,3,902.95,5,492.20
2017-01-06,2,706.96,3,876.64,5,453.38
2017-01-09,2,717.64,3,899.08,5,480.62
2017-01-10,2,713.22,3,886.74,5,456.64
2017-01-11,2,696.78,3,848.43,5,399.20
2017-01-12,2,685.68,3,813.44,5,350.10
2017-01-13,2,689.94,3,778.36,5,261.57
2017-01-16,2,696.16,3,709.39,5,068.64
2017-01-17,2,700.78,3,734.26,5,123.57
2017-01-18,2,712.49,3,727.59,5,102.40
2017-01-19,2,703.83,3,714.20,5,081.14
2017-01-20,2,724.30,3,755.77,5,158.32
2017-01-23,2,729.72,3,783.66,5,202.53
2017-01-24,2,730.17,3,776.99,5,181.42
2017-01-25,2,738.60,3,791.58,5,196.39
2017-01-26,2,747.88,3,818.43,5,231.46